Service Name,Criteria 1,Criteria 2,Criteria 3,Time Window,CloudWatch Metrics Required,API Calls Required,Notes
EC2,, , , , , , 
RDS,, , , , , , 
DynamoDB,, , , , , , 
S3,, , , , , , 
Lambda,, , , , , , 
EBS,, , , , , , 
ElastiCache,, , , , , , 
ECS,, , , , , , 
EKS,, , , , , , 
Redshift,, , , , , , 
CloudFront,, , , , , , 
API Gateway,, , , , , , 
VPC,, , , , , , 
NAT Gateway,, , , , , , 
Elastic Load Balancer,, , , , , , 
Route 53,, , , , , , 
CloudWatch,, , , , , , 
CloudTrail,, , , , , , 
IAM,, , , , , , 
KMS,, , , , , , 
Secrets Manager,, , , , , , 
SNS,, , , , , , 
SQS,, , , , , , 
Kinesis,, , , , , , 
Athena,, , , , , , 
Glue,, , , , , , 
EMR,, , , , , , 
SageMaker,, , , , , , 
Step Functions,, , , , , , 
EFS,, , , , , , 
FSx,, , , , , , 
Backup,, , , , , , 
CloudFormation,, , , , , , 
Config,, , , , , , 
Systems Manager,, , , , , , 
WorkSpaces,, , , , , , 
AppStream,, , , , , , 
Direct Connect,, , , , , , 
VPN,, , , , , , 
Transit Gateway,, , , , , , 
DocumentDB,, , , , , , 
Neptune,, , , , , , 
Timestream,, , , , , , 
QLDB,, , , , , , 
Keyspaces,, , , , , , 
MemoryDB,, , , , , , 
OpenSearch,, , , , , , 
MSK,, , , , , , 
EventBridge,, , , , , , 
AppFlow,, , , , , , 
DataSync,, , , , , , 
Transfer Family,, , , , , , 
Storage Gateway,, , , , , , 
Lightsail,, , , , , , 
CodeBuild,, , , , , , 
CodePipeline,, , , , , , 
CodeDeploy,, , , , , , 
CodeCommit,, , , , , , 
CodeArtifact,, , , , , , 
ECR,, , , , , , 
Amplify,, , , , , , 
Cloud9,, , , , , , 
X-Ray,, , , , , , 
CloudWatch Logs,, , , , , , 
CloudWatch Logs Insights,, , , , , , 
CloudWatch Evidently,, , , , , , 
CloudWatch RUM,, , , , , , 
CloudWatch Synthetics,, , , , , , 
GuardDuty,, , , , , , 
Macie,, , , , , , 
Security Hub,, , , , , , 
Inspector,, , , , , , 
Detective,, , , , , , 
WAF,, , , , , , 
Shield,, , , , , , 
Firewall Manager,, , , , , , 
Network Firewall,, , , , , , 
Certificate Manager,, , , , , , 
Parameter Store,, , , , , , 
Organizations,, , , , , , 
Control Tower,, , , , , , 
Service Catalog,, , , , , , 
License Manager,, , , , , , 
Resource Groups,, , , , , , 
Tag Editor,, , , , , , 
Trusted Advisor,, , , , , , 
Compute Optimizer,, , , , , , 
Cost Explorer,, , , , , , 
Budgets,, , , , , , 
Cost and Usage Reports,, , , , , , 
Billing,, , , , , , 
Marketplace,, , , , , , 
Support,, , , , , , 
Health Dashboard,, , , , , , 
Personal Health Dashboard,, , , , , , 
IQ,, , , , , , 
re:Post,, , , , , , 
Activate,, , , , , , 
Well-Architected Tool,, , , , , , 
Launch Wizard,, , , , , , 
App Studio,, , , , , , 
App Runner,, , , , , , 
App Mesh,, , , , , , 
AppSync,, , , , , , 
AppConfig,, , , , , , 
AppFabric,, , , , , , 
Application Discovery Service,, , , , , , 
Application Migration Service,, , , , , , 
Mainframe Modernization,, , , , , , 
Snow Family,, , , , , , 
Database Migration Service,, , , , , , 
DataZone,, , , , , , 
Lake Formation,, , , , , , 
Glue DataBrew,, , , , , , 
Managed Apache Airflow,, , , , , , 
Managed Apache Flink,, , , , , , 
Kinesis Video Streams,, , , , , , 
Interactive Video Service,, , , , , , 
Elemental MediaConnect,, , , , , , 
Elemental MediaConvert,, , , , , , 
Elemental MediaLive,, , , , , , 
Elemental MediaPackage,, , , , , , 
Elemental MediaStore,, , , , , , 
Elemental MediaTailor,, , , , , , 
Elemental Appliances & Software,, , , , , , 
Deadline Cloud,, , , , , , 
GameLift,, , , , , , 
Managed Blockchain,, , , , , , 
Ground Station,, , , , , , 
IoT Core,, , , , , , 
IoT Analytics,, , , , , , 
IoT Device Management,, , , , , , 
IoT Device Defender,, , , , , , 
IoT Events,, , , , , , 
IoT FleetWise,, , , , , , 
IoT Greengrass,, , , , , , 
IoT SiteWise,, , , , , , 
IoT TwinMaker,, , , , , , 
Lookout for Equipment,, , , , , , 
Monitron,, , , , , , 
Panorama,, , , , , , 
Kendra,, , , , , , 
Lex,, , , , , , 
Polly,, , , , , , 
Transcribe,, , , , , , 
Translate,, , , , , , 
Comprehend,, , , , , , 
Comprehend Medical,, , , , , , 
Rekognition,, , , , , , 
Textract,, , , , , , 
Forecast,, , , , , , 
Personalize,, , , , , , 
Fraud Detector,, , , , , , 
Augmented AI,, , , , , , 
Bedrock,, , , , , , 
Bedrock AgentCore,, , , , , , 
Q Business,, , , , , , 
Q Developer,, , , , , , 
Nova Act,, , , , , , 
Amazon Q,, , , , , , 
Grafana,, , , , , , 
Prometheus,, , , , , , 
DevOps Guru,, , , , , , 
DevOps Agent,, , , , , , 
Resilience Hub,, , , , , , 
Fault Injection Simulator,, , , , , , 
Incident Manager,, , , , , , 
Service Quotas,, , , , , , 
Resource Access Manager,, , , , , , 
Resource Explorer,, , , , , , 
Infrastructure Composer,, , , , , , 
Serverless Application Repository,, , , , , , 
Proton,, , , , , , 
FinSpace,, , , , , , 
HealthLake,, , , , , , 
HealthOmics,, , , , , , 
HealthImaging,, , , , , , 
Clean Rooms,, , , , , , 
Entity Resolution,, , , , , , 
Data Exchange,, , , , , , 
Data Firehose,, , , , , , 
Data Transfer Terminal,, , , , , , 
Supply Chain,, , , , , , 
Partner Central,, , , , , , 
Payment Cryptography,, , , , , , 
Verified Permissions,, , , , , , 
User Notifications,, , , , , , 
End User Messaging,, , , , , , 
Pinpoint,, , , , , , 
Simple Email Service,, , , , , , 
Chime,, , , , , , 
Chime SDK,, , , , , , 
Connect,, , , , , , 
WorkDocs,, , , , , , 
WorkMail,, , , , , , 
WorkSpaces Applications,, , , , , , 
WorkSpaces Secure Browser,, , , , , , 
WorkSpaces Thin Client,, , , , , , 
Red Hat OpenShift Service on AWS,, , , , , , 
Elastic VMware Service,, , , , , , 
Oracle Database@AWS,, , , , , , 
Outposts,, , , , , , 
One Enterprise,, , , , , , 
Wickr,, , , , , , 
SimSpace Weaver,, , , , , , 
Parallel Computing Service,, , , , , , 
Telco Network Builder,, , , , , , 
Braket,, , , , , , 
Signer,, , , , , , 
Artifact,, , , , , , 
Audit Manager,, , , , , , 
Billing Conductor,, , , , , , 
B2B Data Interchange,, , , , , , 
Auto Scaling,, , , , , , 
Batch,, , , , , , 
SWF,, , , , , , 
CloudShell,, , , , , , 
CloudSearch,, , , , , , 
CloudHSM,, , , , , , 
Cloud Map,, , , , , , 
Directory Service,, , , , , , 
Elastic Transcoder,, , , , , , 
Elastic Disaster Recovery,, , , , , , 
Identity Center,, , , , , , 
Global Accelerator,, , , , , , 
Global View,, , , , , , 
Recycle Bin,, , , , , , 
RTB Fabric,, , , , , , 
CodeCatalyst,, , , , , , 
Console Home,, , , , , , 
Security Agent,, , , , , , 
Security Hub CSPM,, , , , , , 
Security Incident Response,, , , , , , 
Security Lake,, , , , , , 
Private Certificate Authority,, , , , , , 
S3 Glacier,, , , , , , 
MQ,, , , , , , 
Aurora DSQL,, , , , , , 
