Service Name,Criteria 1,Criteria 2,Retention Consideration,Storage Class/Tier,Compliance Notes,Cost Comparison vs Active
EC2,AMI marked for long-term retention,No recent instance launches from AMI in 180+ days,Disaster recovery or compliance image retention (1-3 years),EBS-backed AMI snapshot storage,Golden images for compliance or DR - SOC2 audit trail,Storage-only cost for EBS snapshots vs running instance ($$$)
RDS,Automated backup enabled + snapshot retention policy,Snapshot age > 90 days with no restore activity,35 days automated backup + long-term manual snapshots (7 years for financial),Cross-region snapshot replication for DR,Point-in-time recovery for compliance - HIPAA/SOC2 compliant backups,Storage-only cost (~$0.095/GB-month) vs running instance cost
DynamoDB,Point-in-time recovery enabled,On-demand backup age > 90 days,35 days PITR + long-term on-demand backups (7 years for compliance),Point-in-time recovery backups or On-demand backups (S3),Backup and restore for compliance - no impact on table performance,Backup storage ~$0.10/GB-month vs table provisioned cost
S3,Lifecycle policy = Glacier or Deep Archive,Access frequency < 1/year,7+ years retention for compliance archives,S3 Glacier Deep Archive,HIPAA/SOC2 compliant - immutable backups with object lock,~95% cheaper than S3 Standard ($0.00099/GB vs $0.023/GB)
Lambda,Function version archived (not $LATEST),Version not invoked in 180 days,Retain old versions for audit trail (1-2 years),Versioned function storage (S3-backed),Audit trail for code changes - minimal storage cost,Negligible cost (~$0.00001/GB-month for code storage)
EBS,Snapshot age > 180 days,No recent restore or attachment activity,180 days minimum for disaster recovery (3-5 years for compliance),Standard snapshot storage (incremental EBS snapshots),Disaster recovery snapshots - immutable if needed - SOC2,~$0.05/GB-month vs $0.10/GB-month for attached volume
ElastiCache,Backup enabled (Redis only),Backup age > 7 days with no restore activity,Limited retention - Redis backups only (30-90 days),Standard RDB backup storage (S3),Disaster recovery for Redis - not applicable for Memcached,Backup storage cost (~$0.023/GB-month) vs running cluster cost
ECS,Task definition archived versions retained,No recent task launches from definition (90+ days),Retain for compliance/audit trail (1-3 years),Task definition storage (no cost - stored in ECS),Container definition audit trail - no additional storage cost,No additional cost for archived task definitions
EKS,etcd backup enabled,Backup age > 30 days with no restore activity,Cluster state backup for DR (1-3 years),etcd snapshot stored in S3 with Glacier transition,Kubernetes cluster disaster recovery - SOC2 compliant,S3 Glacier storage cost vs active cluster (~$0.10/hour per cluster)
Redshift,Automated snapshot enabled,Snapshot age > 7 days with no restore activity,Automated + manual snapshots for data warehouse (7 years financial),Cross-region snapshot copy for DR,Data warehouse compliance backups - SOC2/PCI-DSS,Storage cost (~$0.024/GB-month compressed) vs active cluster
CloudFront,Access logs > 365 days old,No recent distribution traffic or config changes,Multi-year CDN access log retention (1-7 years),S3 Glacier for log archives,CDN access logs for compliance - SOC2/PCI-DSS audit,S3 Glacier storage vs CloudWatch Logs retention pricing
API Gateway,Access logs > 365 days old,API usage frequency < 1/month,Multi-year API audit trail (7 years),CloudWatch Logs exported to S3 Glacier,API access logs for compliance - SOC2/PCI-DSS audit trail,S3 Glacier much cheaper than active CloudWatch Logs retention
VPC,Flow logs > 365 days old,No recent traffic through VPC resources,Network audit trail retention (1-7 years for compliance),S3 Glacier for flow log archives,Network traffic audit logs - SOC2/PCI-DSS/HIPAA,S3 Glacier storage cost vs CloudWatch Logs retention
NAT Gateway,Flow logs > 365 days old,No recent outbound traffic activity,Network audit log retention (1-3 years),S3 Glacier for flow log archives,Network compliance audit trail - SOC2,S3 Glacier much cheaper than active NAT Gateway ($0.045/hour)
Elastic Load Balancer,Access logs > 365 days old,No recent traffic requests,Load balancer access log retention (1-7 years),S3 Glacier for access log archives,Access logs for compliance auditing - SOC2/PCI-DSS,S3 Glacier storage cost vs active ELB hourly charges
Route 53,DNS query logs > 365 days old,No recent DNS query activity,DNS audit trail retention (1-3 years),S3 Glacier for DNS log archives,DNS audit logs for compliance - SOC2,S3 Glacier much cheaper than active CloudWatch Logs
CloudWatch,Metric data retention > 15 months,No recent dashboard or alarm access,Metric archive for compliance (1-15 months per resolution),CloudWatch Metrics Archive (automatic tiering),Compliance metrics history - SOC2/PCI-DSS,Archived metrics at lower cost than high-resolution storage
CloudTrail,Log age > 365 days,Access frequency < 1/month,Audit trail - 7 year retention (SOC2/PCI-DSS/HIPAA),S3 Glacier Flexible Retrieval for log archives,SOC2/PCI-DSS audit logs - tamper-proof trail with log file validation,~85% cheaper than S3 Standard (~$0.004/GB vs $0.023/GB)
IAM,N/A - Console-only service,N/A,N/A,N/A,N/A - No archival storage concept for IAM service itself,N/A
KMS,Key material age > 1 year with no recent usage,No encrypt/decrypt operations in 180 days,Key retention per compliance policy (3-7 years),KMS key pending deletion (30-day minimum window),Encryption key audit trail - PCI-DSS/HIPAA/SOC2,No cost for pending deletion state vs $1/month per active key
Secrets Manager,Secret version age > 90 days,No recent secret retrieval activity,Compliance-driven secret rotation history (1-3 years),Secret version storage (archived stages),Secret rotation audit trail - SOC2/PCI-DSS,Minimal storage cost vs active secret ($0.40/secret/month)
SNS,Message archive > 90 days old,No recent subscription or publish activity,Message archive for compliance (90 days - 7 years),S3 export with Glacier transition for message archives,Notification audit trail - SOC2,S3 Glacier cost vs active SNS message retention
SQS,Messages archived to S3 > 90 days old,No recent queue activity or message processing,Message archive for compliance (1-7 years),S3 with Glacier transition for exported messages,Message audit trail - SOC2/PCI-DSS,S3 Glacier cost vs active SQS message retention
Kinesis,Data Streams: Enable extended retention (7 days max),Historical data exported to S3 for long-term archive,Export to S3 for long-term storage (1-7 years),S3 with Glacier transition for stream data archives,Real-time data archived to S3 for compliance - SOC2,S3 Glacier storage vs active Kinesis shard cost ($0.015/shard/hour)
Athena,Query history > 365 days old,No recent query executions,Query audit trail retention (1-3 years),S3 Glacier for query result archives,Query audit logs for compliance - SOC2,S3 Glacier cost vs active Athena query charges ($5/TB scanned)
Glue,Job run history > 365 days old,No recent ETL job executions,ETL job history for compliance (1-3 years),S3 Glacier for job log archives,ETL audit trail - SOC2/data lineage compliance,S3 Glacier cost vs active Glue job charges ($0.44/DPU-hour)
EMR,Cluster logs > 365 days old,No recent cluster runs,Cluster log retention for compliance (1-3 years),S3 Glacier for EMR log archives,Big data processing audit trail - SOC2,S3 Glacier cost vs active EMR cluster charges
SageMaker,Model artifact age > 180 days with no endpoint deployment,No recent training job invocations,ML model archive for compliance/audit (1-3 years),S3 Glacier for model artifacts and training data,ML model version audit trail - SOC2,S3 Glacier cost vs active SageMaker endpoint charges
Step Functions,Execution history > 90 days old,No recent state machine executions,Workflow execution audit trail (90 days - 7 years),CloudWatch Logs exported to S3 Glacier,Workflow compliance audit - SOC2,S3 Glacier cost vs active CloudWatch Logs retention
EFS,IA storage class enabled,File age > 90 days with no access,1-3 years retention for archived files,EFS Infrequent Access (IA) storage class,Automatic lifecycle management - HIPAA/SOC2 compliant,~92% cheaper than EFS Standard ($0.025/GB vs $0.30/GB)
FSx,Backup retention > 90 days,No recent restore activity from backup,Compliance-driven backup retention (1-3 years),Automated daily backups in standard S3 storage,Disaster recovery - point-in-time restore - SOC2,Backup storage cost only (~$0.05/GB-month) vs active FSx charges
Backup,Recovery point age > 30 days,Transition to cold storage tier enabled,30-365 days retention based on compliance policy,Cold storage tier (S3 Glacier),Automated compliance-driven backup policies - HIPAA/SOC2/PCI-DSS,~75% cheaper in cold storage tier ($0.006/GB vs $0.05/GB warm)
CloudFormation,Stack template version > 365 days old,No recent stack deployments or updates,Infrastructure template archive (1-3 years),S3 storage with Glacier transition for templates,Infrastructure-as-code audit trail - SOC2/change management,S3 Glacier cost vs CloudFormation storage (templates free to store)
Config,Config snapshot age > 365 days,Historical compliance data not recently accessed,Multi-year compliance audit trail (7 years - SOC2/PCI-DSS),S3 storage with lifecycle to Glacier,Configuration compliance history - SOC2/PCI-DSS/HIPAA,S3 Glacier for long-term audit vs active Config recording cost
Systems Manager,Parameter/patch history > 365 days old,No recent System Manager automation or patch activity,Operational history archive (1-3 years),S3 Glacier for session logs and run command output,Patch compliance audit - SOC2/HIPAA/PCI-DSS,S3 Glacier cost vs active CloudWatch Logs session log retention
WorkSpaces,Desktop backup/snapshot > 90 days old,No recent user session activity,User data archive (90 days - 3 years),Standard snapshot storage for desktop images,User data compliance - HIPAA for healthcare WorkSpaces,Storage-only cost vs active desktop ($35-$80/user/month)
AppStream,Fleet image backup > 90 days old,No recent streaming session activity,Application image archive (90 days - 3 years),Standard snapshot storage for streaming images,Application delivery audit trail - SOC2,Storage-only cost vs active fleet instance charges
Direct Connect,Connection logs > 365 days old,No recent connection activity,Network audit log retention (1-3 years),S3 Glacier for connection log archives,Network compliance audit - SOC2/PCI-DSS,S3 Glacier cost vs active Direct Connect port charges ($0.03/hour)
VPN,VPN connection logs > 365 days old,No recent tunnel activity,Network security audit retention (1-3 years),S3 Glacier for VPN log archives,Network security compliance - SOC2/PCI-DSS,S3 Glacier cost vs active VPN connection ($0.05/hour)
Transit Gateway,Flow logs > 365 days old,No recent network traffic,Network audit log retention (1-3 years),S3 Glacier for flow log archives,Network compliance audit trail - SOC2/PCI-DSS,S3 Glacier cost vs active Transit Gateway ($0.05/attachment/hour)
DocumentDB,Automated snapshot retention > 35 days,No recent cluster restore activity,35 days automated + manual snapshots for compliance (7 years),Standard snapshot storage,Continuous backup - point-in-time recovery - HIPAA compliant,Storage-only cost vs running DocumentDB cluster
Neptune,Automated backup enabled,Snapshot age > 30 days with no restore activity,35 days retention for graph database backups (1-3 years),Cross-region snapshot replication,Backup for disaster recovery - PITR capable - SOC2,Snapshot storage cost only vs active Neptune instance
Timestream,Data retention policy configured,Historical data > configured retention period,Magnetic store retention (1-73000 days configurable),Timestream magnetic store (lower cost long-term tier),Time-series compliance archive - IoT/operational data,~90% cheaper in magnetic store vs memory store
QLDB,Ledger journal archive enabled,Journal block age > 90 days,Immutable ledger archive - indefinite retention for legal,Journal export to S3 with Glacier transition,WORM ledger compliance - financial audit trail - SOC2/SEC,S3 Glacier export cost vs active QLDB journal storage
Keyspaces,Table backup age > 90 days,No recent table restore activity,Point-in-time recovery backups (35 days PITR),On-demand backup storage (S3-backed),Cassandra-compatible compliance backups - SOC2,Backup storage cost vs active Keyspaces table throughput
MemoryDB,Snapshot age > 7 days,No recent cluster restore activity,Snapshot retention for Redis-compatible cluster (30-90 days),Standard snapshot storage (S3-backed),In-memory database disaster recovery - SOC2,Snapshot storage cost only vs running MemoryDB cluster
OpenSearch,Index snapshot age > 90 days,No recent cluster restore from snapshot,Index archive for compliance (1-3 years),S3 snapshot repository with Glacier transition,Search index compliance archive - SOC2,S3 Glacier cost vs active OpenSearch domain charges
MSK,Log archive > 365 days old,No recent Kafka consumer activity on archived topics,Event streaming archive (1-7 years for compliance),S3 with Glacier transition for topic archives,Kafka event compliance audit trail - SOC2/PCI-DSS,S3 Glacier cost vs active MSK cluster ($0.21/broker/hour)
EventBridge,Event archive enabled,Archive age > 90 days since last replay,Replay capability archive (1-3 years),Event archive storage (S3-backed),Event replay for disaster recovery - SOC2,Storage cost for archived events vs active EventBridge usage
AppFlow,Flow run history > 365 days old,No recent data flow executions,Data integration audit trail (1-3 years),S3 Glacier for flow output archives,Data integration compliance - SOC2/GDPR,S3 Glacier cost vs active AppFlow execution charges
DataSync,Task execution history > 365 days old,No recent data sync executions,Data migration audit trail (1-3 years),S3 Glacier for task log archives,Data transfer compliance audit - SOC2,S3 Glacier cost vs active DataSync execution fees
Transfer Family,Transfer log age > 365 days old,No recent file transfer activity,File transfer audit trail (1-7 years for compliance),S3 Glacier for transfer log archives,SFTP/FTP compliance audit trail - SOC2/PCI-DSS,S3 Glacier cost vs active Transfer Family endpoint ($0.30/hour)
Storage Gateway,Backup age > 90 days,No recent data restoration from gateway,Hybrid cloud backup retention (1-3 years),S3 with Glacier transition for gateway archives,Hybrid cloud compliance backup - SOC2/HIPAA,S3 Glacier cost vs active gateway storage pricing
Lightsail,Snapshot age > 30 days with no restore activity,No recent instance launches from snapshot,Instance backup retention (30 days - 1 year),Standard Lightsail snapshot storage,Simplified compute disaster recovery,Snapshot storage cost only vs active Lightsail instance ($5-$160/month)
CodeBuild,Build log archive > 365 days old,No recent project builds,Build history audit trail (1-3 years),S3 Glacier for build log archives,CI/CD audit trail - SOC2/change management compliance,S3 Glacier cost vs active CloudWatch Logs retention for build logs
CodePipeline,Pipeline execution history > 365 days old,No recent pipeline executions,Pipeline execution audit trail (1-3 years),S3 artifact store with Glacier transition for old artifacts,CI/CD compliance audit - SOC2/change management,S3 Glacier for pipeline artifacts vs active CloudWatch Logs
CodeDeploy,Deployment history > 365 days old,No recent deployment activity,Deployment audit trail (1-3 years),S3 Glacier for deployment log archives,Deployment compliance audit - SOC2/change management,S3 Glacier cost vs active CloudWatch Logs retention for deployments
CodeCommit,Repository archive (read-only),No recent commits or clones (180+ days),Source code archive (indefinite for legal/compliance),CodeCommit repository (stored in S3 internally),Source code compliance retention - SOC2/IP protection,Minimal storage cost (~$1/active user/month vs pay-per-use)
CodeArtifact,Package version archived > 365 days old,No recent package downloads,Software artifact retention (1-3 years for compliance),CodeArtifact package storage with S3 backend,Software supply chain compliance - SOC2,Storage cost (~$0.05/GB-month) vs active package management
ECR,Image age > 180 days with no recent pull,No recent container deployments from image,Container image archive (1-3 years),ECR standard storage (S3-backed),Container image audit trail - SOC2/PCI-DSS,~$0.10/GB-month storage vs active registry with frequent pulls
Amplify,App version archive > 365 days old,No recent deployments or user traffic,Web app version archive (1-3 years),S3 with Glacier transition for build artifacts,Web app version history - SOC2,S3 Glacier cost vs active Amplify hosting charges
Cloud9,Development environment snapshot,No recent IDE session activity,Development environment backup (30-90 days),EBS snapshot for Cloud9 environment,Development audit trail - SOC2,EBS snapshot cost vs active Cloud9 EC2 instance charges
X-Ray,Trace archive > 30 days old,No recent trace retrieval,Application trace archive (30 days X-Ray + S3 long-term),S3 export with Glacier transition for trace archives,Application performance compliance audit - SOC2,S3 Glacier cost vs active X-Ray trace storage ($5/million traces)
GuardDuty,Finding archive enabled,Finding age > 180 days,Security audit trail retention (1-3 years),S3 export with Glacier transition for findings,Security compliance - retain threat findings - SOC2/PCI-DSS,S3 Glacier storage cost for archived findings vs active GuardDuty
Macie,Finding archive > 90 days old,No recent sensitive data discovery scans,Data privacy compliance archive (1-3 years),S3 Glacier for finding exports,Data privacy compliance audit - GDPR/HIPAA/PCI-DSS,S3 Glacier cost vs active Macie scanning ($1/GB-month for object scanning)
Security Hub,Finding archive > 90 days,Historical security posture data,Compliance audit of security findings (1-7 years),S3 export with Glacier transition,Security compliance audit trail - SOC2/PCI-DSS/ISO 27001,S3 Glacier storage cost vs active CloudWatch Logs retention
Inspector,Finding archive > 90 days old,No recent vulnerability scan activity,Vulnerability audit trail (1-3 years),S3 Glacier for vulnerability finding archives,Vulnerability compliance archive - SOC2/PCI-DSS,S3 Glacier cost vs active Inspector scanning charges
Detective,Investigation archive > 90 days old,Historical security investigation data,Security investigation archive (1-3 years),S3 Glacier for investigation data exports,Security forensics compliance - SOC2/FISMA,S3 Glacier cost vs active Detective data ingestion charges
WAF,Web ACL log archive > 365 days old,Low traffic frequency through WAF rules,Web security audit log retention (1-7 years),S3 Glacier for WAF log archives,Web security compliance audit - PCI-DSS/SOC2,S3 Glacier cost vs active WAF log delivery to Kinesis
Shield,DDoS event archive > 365 days old,No recent DDoS attack events,Security incident archive (indefinite for legal),S3 Glacier for Shield event exports,DDoS protection compliance archive - SOC2/PCI-DSS,S3 Glacier cost (Shield Advanced $3000/month minimum active)
Firewall Manager,Policy compliance history > 365 days old,No recent policy enforcement activity,Security policy compliance archive (1-3 years),S3 Glacier for compliance report archives,Centralized security compliance archive - SOC2/PCI-DSS,S3 Glacier cost vs active Firewall Manager policy charges
Network Firewall,Firewall log archive > 365 days old,No recent firewall traffic,Network security audit retention (1-7 years),S3 Glacier for firewall log archives,Network security compliance audit - SOC2/PCI-DSS,S3 Glacier cost vs active Network Firewall ($0.395/endpoint/hour)
Certificate Manager,Certificate history > 365 days post-expiry,No recent certificate renewals or deployments,Certificate audit trail (3-7 years for compliance),N/A - Certificate metadata only (no storage tier),PKI compliance audit trail - SOC2/PCI-DSS,No cost for expired certificate records
Organizations,Policy version history > 365 days old,No recent organizational unit changes,Governance audit trail (7 years for compliance),S3 Glacier for CloudTrail org management events,Governance compliance archive - SOC2/ISO 27001,S3 Glacier cost for org trail vs active CloudWatch Logs
Control Tower,Landing zone audit logs > 365 days old,No recent account vending activity,Governance compliance audit (7 years),S3 Glacier for Control Tower audit logs,Multi-account governance compliance - SOC2/ISO 27001,S3 Glacier cost for audit logs vs active CloudWatch Logs retention
Service Catalog,Portfolio version archive > 365 days old,No recent product launches from portfolio,Product catalog history (1-3 years),S3 Glacier for service catalog product archives,IT governance compliance - SOC2/ITIL,S3 Glacier cost vs active Service Catalog portfolio storage
License Manager,License consumption history > 365 days old,No recent license allocation activity,License audit trail (3-7 years for compliance),S3 Glacier for license tracking exports,Software license compliance - SAM/ISO 19770,S3 Glacier cost vs active CloudWatch Logs for license tracking
Trusted Advisor,Check result history > 365 days old,No recent Trusted Advisor check refreshes,Best practice audit trail (1-3 years),S3 export with Glacier transition,Cloud optimization compliance history - SOC2,S3 Glacier cost vs active Trusted Advisor (Business/Enterprise plans)
Compute Optimizer,Recommendation history > 365 days old,No recent resource optimization analysis,Optimization recommendation archive (1-2 years),S3 Glacier for recommendation exports,Resource efficiency audit trail - SOC2,S3 Glacier cost vs active Compute Optimizer recommendations
Cost Explorer,Cost data export > 7 years old,No recent cost analysis queries,Financial record retention (7 years for IRS/tax compliance),S3 Glacier for cost data exports,Financial compliance archive - IRS 7-year retention requirement,S3 Glacier cost vs active Cost Explorer query charges
Budgets,Budget history > 3 years old,No recent budget alerts or modifications,Financial governance archive (3-7 years),S3 Glacier for budget history exports,Financial governance compliance - SOC2/financial audit,S3 Glacier cost vs active Cost Explorer and Budgets
Grafana,Dashboard version archive > 365 days old,No recent dashboard access or updates,Monitoring history archive (1-3 years),S3 Glacier for dashboard configuration exports,Monitoring compliance audit - SOC2,S3 Glacier cost vs active Managed Grafana workspace ($9/active user/month)
Prometheus,Metric data > 150 days old,No recent metric queries,Long-term metric archive (1-3 years),S3 Glacier for Prometheus metric exports (Thanos/Cortex pattern),Operational metrics compliance - SOC2,S3 Glacier cost vs active Amazon Managed Prometheus ($0.90/million samples)
DevOps Guru,Insight archive > 90 days old,No recent anomaly detections,DevOps intelligence archive (1-3 years),S3 Glacier for insight exports,Application reliability compliance - SOC2,S3 Glacier cost vs active DevOps Guru per-resource charges
Resilience Hub,Assessment archive > 365 days old,No recent resilience assessments,Resilience compliance archive (1-3 years),S3 Glacier for assessment report exports,Business continuity compliance archive - SOC2/ISO 22301,S3 Glacier cost vs active Resilience Hub assessment charges
Fault Injection Simulator,Experiment archive > 365 days old,No recent chaos engineering experiments,Experiment result archive (1-2 years),S3 Glacier for experiment report exports,Chaos engineering audit trail - SOC2/DR compliance,S3 Glacier cost vs active FIS experiment execution
Incident Manager,Incident archive > 365 days old,No recent incident responses,Incident response archive (3-7 years for compliance),S3 Glacier for incident response exports,Incident management compliance archive - SOC2/ITIL,S3 Glacier cost vs active Incident Manager engagement usage
FinSpace,Dataset version archive > 365 days old,No recent financial data queries,Financial data archive (7 years for SEC/FINRA compliance),S3 Glacier for FinSpace dataset exports,Financial data compliance - SEC/FINRA 7-year retention requirement,S3 Glacier cost vs active FinSpace environment (~$4500/month minimum)
HealthLake,FHIR data export > 7 years old,No recent health data queries,Healthcare data archive (HIPAA min 6 years; up to 10+ years per state requirements),S3 Glacier for FHIR data exports,HIPAA healthcare data archive - 6-year minimum (state laws may require longer),S3 Glacier cost vs active HealthLake datastore charges
HealthOmics,Genomic data > 7 years old,No recent genomic analysis runs,Genomic data archive (7-10 years for research compliance),S3 Glacier Deep Archive for genomic sequence data,HIPAA/NIH genomic data compliance archive,~95% cheaper in Glacier Deep Archive vs S3 Standard for large genomic files
HealthImaging,Medical image archive > 7 years old,No recent image queries or clinical access,Medical imaging archive (7-10 years - HIPAA/medical records),S3 Glacier Deep Archive for DICOM archives,HIPAA medical imaging compliance - 7-10 year retention,~95% cheaper in Glacier Deep Archive vs active DICOM storage
Clean Rooms,Collaboration result archive > 365 days old,No recent data collaboration queries,Data collaboration audit trail (1-3 years),S3 Glacier for query result archives,Data privacy compliance - GDPR/CCPA collaborative analytics,S3 Glacier cost vs active Clean Rooms collaboration charges
Entity Resolution,Match result archive > 365 days old,No recent entity matching workflows,Data quality audit trail (1-3 years),S3 Glacier for match result exports,Data governance compliance - GDPR/CCPA,S3 Glacier cost vs active Entity Resolution matching charges
Data Exchange,Dataset subscription archive > 365 days old,No recent data downloads or API calls,Data subscription history (1-3 years),S3 Glacier for data export archives,Data governance compliance - SOC2,S3 Glacier cost vs active Data Exchange subscription fees
Data Firehose,Delivery log archive > 365 days old,No recent data delivery activity,Data pipeline audit trail (1-3 years),S3 Glacier for Firehose output archives,Data streaming compliance audit - SOC2/PCI-DSS,S3 Glacier cost vs active Firehose data ingestion charges
Pinpoint,Campaign archive > 365 days old,No recent message sends or campaign activity,Marketing data archive (1-3 years - GDPR compliance),S3 Glacier for campaign and analytics exports,Marketing data compliance - GDPR/CAN-SPAM,S3 Glacier cost vs active Pinpoint message send charges
Simple Email Service,Email log archive > 365 days old,No recent email sends,Email communication archive (1-7 years for compliance),S3 Glacier for email log and bounce archives,Email compliance archive - CAN-SPAM/GDPR/SOC2,S3 Glacier cost vs active SES per-email charges
Chime,Meeting/call log archive > 365 days old,No recent communication activity,Communication compliance archive (1-7 years for FINRA),S3 Glacier for communication log exports,Communication compliance - FINRA/HIPAA/SOC2,S3 Glacier cost vs active Chime per-user charges
Connect,Contact record archive > 7 years old,No recent customer contact activity,Customer interaction archive (7 years for compliance),S3 Glacier for contact trace records and recordings,Customer service compliance - HIPAA/SOC2/PCI-DSS,S3 Glacier cost vs active Connect contact center charges
WorkDocs,Document version archive > 365 days old,No recent document access or modifications,Document compliance retention (7 years for business records),S3 Glacier for document version archives,Document management compliance - SOC2/legal hold,S3 Glacier cost vs active WorkDocs storage ($0.023/GB-month)
WorkMail,Email archive > 7 years old,No recent email activity or mailbox access,Email compliance archive (7 years - SEC/FINRA),S3 Glacier for email export archives,Email compliance archive - SEC/FINRA 7-year retention,S3 Glacier cost vs active WorkMail mailbox ($4/user/month)
GameLift,Game server build archive > 365 days old,No recent game session activity,Game binary archive (1-3 years),S3 Glacier for game server build archives,Game platform version history - SOC2,S3 Glacier cost vs active GameLift instance charges
Managed Blockchain,Block data archive > 7 years old,No recent blockchain write activity,Immutable ledger archive (7+ years for financial compliance),S3 Glacier for blockchain ledger exports,Blockchain financial compliance - SEC/FINRA immutability,S3 Glacier cost vs active Managed Blockchain node charges
Ground Station,Telemetry data archive > 365 days old,No recent satellite contact scheduling,Satellite data archive (1-3 years for mission data),S3 Glacier Deep Archive for telemetry data,Mission data compliance archive - FISMA/FedRAMP,S3 Glacier Deep Archive cost vs active Ground Station contact fees
IoT Core,Device telemetry archive > 365 days old,No recent device message activity,IoT telemetry archive (1-7 years for compliance),S3 Glacier for IoT telemetry exports,IoT data compliance - SOC2/ISO 27001,S3 Glacier cost vs active IoT Core message charges
IoT Analytics,Dataset content > 365 days old,No recent pipeline executions or queries,IoT analytics archive (1-3 years),S3 Glacier for dataset exports,IoT data governance compliance - SOC2,S3 Glacier cost vs active IoT Analytics pipeline charges
IoT Greengrass,Deployment history > 365 days old,No recent device deployments,Edge deployment audit trail (1-3 years),S3 Glacier for deployment manifest archives,IoT edge compliance audit - SOC2/ISO 27001,S3 Glacier cost vs active Greengrass device registration
IoT SiteWise,Asset time-series data > 365 days old,No recent asset data queries,Industrial telemetry archive (1-7 years),S3 Glacier for SiteWise data exports (cold tier),Industrial IoT compliance - ISO 50001/SOC2,S3 Glacier cost vs active SiteWise storage ($0.076/GB-month)
Lookout for Equipment,Model inference archive > 365 days old,No recent anomaly detection activity,Predictive maintenance archive (1-3 years),S3 Glacier for inference result exports,Industrial ML compliance archive - SOC2,S3 Glacier cost vs active Lookout for Equipment inference charges
Kendra,Index snapshot > 365 days old,No recent document queries or index updates,Enterprise search audit trail (1-3 years),S3 Glacier for index and document archives,Enterprise search compliance - SOC2/HIPAA,S3 Glacier cost vs active Kendra index ($810/month Developer Edition)
Lex,Bot version archive > 365 days old,Version not invoked in 180 days,Conversational AI audit trail (1-3 years),Versioned bot storage with S3 archive for conversation logs,Conversational AI compliance - HIPAA/SOC2,S3 Glacier cost vs active Lex request charges ($0.004/request)
Polly,Synthesis history archive > 365 days old,No recent speech synthesis activity,Audio archive for compliance (1-3 years),S3 Glacier for synthesized audio archives,Text-to-speech compliance audit - HIPAA/SOC2,S3 Glacier cost vs active Polly per-character charges
Transcribe,Transcription job archive > 365 days old,No recent transcription activity,Audio transcription archive (1-7 years for compliance),S3 Glacier for transcription output archives,Speech-to-text compliance - HIPAA (Medical)/SOC2,S3 Glacier cost vs active Transcribe per-minute charges
Translate,Translation job archive > 365 days old,No recent translation activity,Translation history (1-3 years for compliance),S3 Glacier for translation output archives,Content translation compliance audit - SOC2/GDPR,S3 Glacier cost vs active Translate per-character charges
Comprehend,Analysis job archive > 365 days old,No recent NLP processing activity,NLP analysis archive (1-3 years for compliance),S3 Glacier for analysis result archives,NLP compliance archive - HIPAA/SOC2/GDPR,S3 Glacier cost vs active Comprehend per-unit charges
Rekognition,Image/video analysis archive > 365 days old,No recent computer vision activity,Visual analysis archive (1-3 years for compliance),S3 Glacier for analysis result and metadata archives,Computer vision compliance - HIPAA/GDPR/SOC2,S3 Glacier cost vs active Rekognition per-image charges
Textract,Document extraction archive > 365 days old,No recent document processing activity,Document processing archive (7 years for financial/legal),S3 Glacier for extracted data archives,Document compliance archive - SOC2/HIPAA/legal,S3 Glacier cost vs active Textract per-page charges
Forecast,Forecast model archive > 365 days old,No recent prediction queries,Demand forecasting archive (1-3 years),S3 Glacier for forecast result exports,Time-series forecasting compliance - SOC2,S3 Glacier cost vs active Forecast predictor charges
Personalize,Recommendation model archive > 365 days old,No recent recommendation queries,ML recommendation model archive (1-3 years),S3 Glacier for model and training data archives,Personalization data compliance - GDPR/CCPA/SOC2,S3 Glacier cost vs active Personalize solution version charges
Fraud Detector,Model version archive > 365 days old,Version not recently used for predictions,Fraud detection model archive (7 years for financial compliance),S3 Glacier for model metadata and training data,Fraud compliance archive - PCI-DSS/SOC2/SEC,S3 Glacier cost vs active Fraud Detector prediction charges
Bedrock,Model invocation log > 365 days old,No recent model invocations or fine-tuning,AI/ML audit trail (1-3 years for compliance),S3 Glacier for model invocation logs,AI governance compliance - SOC2/GDPR,S3 Glacier cost vs active Bedrock per-token charges
SageMaker,Model artifact age > 180 days with no endpoint deployment,No recent training or inference activity,ML model version archive (1-3 years),S3 Glacier for model artifacts and datasets,ML model governance compliance - SOC2/HIPAA,S3 Glacier cost vs active SageMaker instance and endpoint charges
Batch,Job history archive > 365 days old,No recent batch job submissions,Batch processing audit trail (1-3 years),S3 Glacier for batch job log archives,Batch compute compliance audit - SOC2,S3 Glacier cost vs active Batch EC2/Fargate instance charges
Managed Apache Airflow,DAG run history > 365 days old,No recent workflow executions,Workflow orchestration audit trail (1-3 years),S3 Glacier for Airflow log and DAG archives,Workflow compliance audit - SOC2/data lineage,S3 Glacier cost vs active MWAA environment ($0.49/hour minimum)
Managed Apache Flink,Application snapshot > 365 days old,No recent streaming job activity,Stream processing audit trail (1-3 years),S3 Glacier for application state snapshots,Streaming compliance archive - SOC2,S3 Glacier cost vs active Flink KPU charges ($0.11/KPU-hour)
Deadline Cloud,Job history archive > 365 days old,No recent render job submissions,Render job history archive (1-3 years),S3 Glacier for render job log archives,Media rendering audit trail - SOC2/M&E compliance,S3 Glacier cost vs active Deadline Cloud render farm charges
IoT Device Management,Device registration history > 365 days old,No recent device provisioning or updates,Device lifecycle archive (1-3 years),S3 Glacier for device registry exports,IoT device compliance audit - ISO 27001/SOC2,S3 Glacier cost vs active IoT Device Management charges
IoT Device Defender,Audit finding archive > 365 days old,No recent security audits or ML detector anomalies,IoT security audit archive (1-3 years),S3 Glacier for audit finding exports,IoT security compliance - ISO 27001/SOC2,S3 Glacier cost vs active Defender audit charges
IoT Events,Detector state history > 365 days old,No recent event detector activity,IoT event processing archive (1-3 years),S3 Glacier for event log archives,IoT event compliance archive - SOC2,S3 Glacier cost vs active IoT Events detector charges
IoT FleetWise,Vehicle signal archive > 365 days old,No recent vehicle data collection,Automotive telemetry archive (1-7 years),S3 Glacier for vehicle signal archives,Automotive compliance archive - ISO 26262/SOC2,S3 Glacier cost vs active FleetWise signal collection charges
IoT TwinMaker,Digital twin state archive > 365 days old,No recent twin updates or simulations,Digital twin state archive (1-3 years),S3 Glacier for digital twin state exports,Industrial digital twin compliance - ISO 27001/SOC2,S3 Glacier cost vs active TwinMaker workspace charges
Monitron,Sensor anomaly archive > 365 days old,No recent sensor readings or anomaly detections,Industrial sensor data archive (1-7 years),S3 Glacier for sensor data exports,Industrial monitoring compliance - SOC2/ISO 55001,S3 Glacier cost vs active Monitron device and gateway charges
Panorama,Inference result archive > 365 days old,No recent computer vision model deployments,Edge ML inference archive (1-3 years),S3 Glacier for inference log archives,Edge computer vision compliance - SOC2,S3 Glacier cost vs active Panorama appliance charges
Comprehend Medical,Medical NLP archive > 6 years old,No recent medical text analysis,Healthcare NLP archive (HIPAA min 6 years; up to 10+ years per state requirements),S3 Glacier for medical NLP result archives,HIPAA medical data compliance - 6-year minimum retention,S3 Glacier cost vs active Comprehend Medical per-unit charges
Augmented AI,Review task archive > 365 days old,No recent human review activity,Human-in-the-loop audit trail (1-3 years),S3 Glacier for human review output archives,Human review compliance audit - SOC2/HIPAA,S3 Glacier cost vs active A2I review task charges
Bedrock AgentCore,Agent interaction archive > 365 days old,No recent agent workflow executions,AI agent audit trail (1-3 years),S3 Glacier for agent interaction logs,AI governance compliance - SOC2/GDPR,S3 Glacier cost vs active Bedrock AgentCore execution charges
Q Business,Conversation archive > 365 days old,No recent enterprise assistant queries,Enterprise AI audit trail (1-3 years),S3 Glacier for conversation and index archives,Enterprise AI governance - SOC2/GDPR,S3 Glacier cost vs active Q Business subscription ($20/user/month)
Q Developer,Code suggestion history > 365 days old,No recent code generation activity,Developer AI audit trail (1-3 years),S3 Glacier for usage log archives,Code generation compliance - SOC2/IP protection,S3 Glacier cost vs active Q Developer subscription ($19/user/month)
Nova Act,Agent task archive > 365 days old,No recent automated task executions,AI automation audit trail (1-3 years),S3 Glacier for task execution log archives,AI automation governance - SOC2/GDPR,S3 Glacier cost vs active Nova Act usage charges
Amazon Q,Conversation archive > 365 days old,No recent queries or responses,AI assistant audit trail (1-3 years),S3 Glacier for interaction log archives,AI governance compliance - SOC2/GDPR,S3 Glacier cost vs active Amazon Q subscription
DevOps Agent,Activity archive > 365 days old,No recent automated DevOps activities,DevOps automation audit trail (1-3 years),S3 Glacier for activity log archives,DevOps compliance audit - SOC2/change management,S3 Glacier cost vs active agent usage
Service Quotas,Quota history > 365 days old,No recent quota modification requests,Service limit audit trail (1-3 years),S3 Glacier for quota change history exports,Governance compliance audit - SOC2,S3 Glacier cost (quota data stored in AWS managed storage)
Resource Access Manager,Resource share history > 365 days old,No recent resource sharing activity,Resource sharing audit trail (1-3 years),S3 Glacier for CloudTrail RAM event archives,Resource governance compliance - SOC2/ISO 27001,S3 Glacier cost for CloudTrail events vs active CloudWatch Logs
Resource Explorer,Search index history > 365 days old,No recent resource discovery queries,Resource inventory archive (1-3 years),S3 Glacier for resource inventory exports,Resource governance audit - SOC2,S3 Glacier cost vs active Resource Explorer index charges
Infrastructure Composer,Template version archive > 365 days old,No recent infrastructure designs,IaC design audit trail (1-3 years),S3 Glacier for template version archives,Infrastructure governance compliance - SOC2/change management,S3 Glacier cost vs CloudFormation template storage
Serverless Application Repository,Application version archive > 365 days old,No recent application deployments,SAR application audit trail (1-3 years),S3 Glacier for application package archives,Serverless application compliance - SOC2,S3 Glacier cost vs active SAR deployment charges
Proton,Environment/service template archive > 365 days old,No recent template deployments,Platform engineering audit trail (1-3 years),S3 Glacier for Proton template archives,Platform governance compliance - SOC2/change management,S3 Glacier cost vs active Proton environment charges
Data Transfer Terminal,Transfer log archive > 365 days old,No recent data transfer activity,Data transfer audit trail (1-3 years),S3 Glacier for transfer log archives,Data transfer compliance audit - SOC2,S3 Glacier cost vs active transfer charges
Supply Chain,Supply chain event archive > 365 days old,No recent supply chain data ingestion,Supply chain data archive (7 years for regulatory compliance),S3 Glacier for supply chain data exports,Supply chain compliance - ISO 28000/SOC2,S3 Glacier cost vs active Supply Chain instance charges
Partner Central,Partner interaction archive > 365 days old,No recent partner engagement activity,Partner compliance archive (1-3 years),S3 Glacier for partner interaction log archives,Partner governance compliance - SOC2,S3 Glacier cost for log archives
Payment Cryptography,Key usage history > 7 years old,No recent cryptographic operations,Payment security archive (7 years - PCI-DSS requirement),HSM-backed key usage logs in S3 Glacier,PCI-DSS payment security compliance - 7-year key usage retention,S3 Glacier cost vs active key usage operations
Verified Permissions,Policy history > 365 days old,No recent authorization decisions,Access control audit trail (1-7 years for compliance),S3 Glacier for policy evaluation log archives,Authorization compliance audit - SOC2/HIPAA/PCI-DSS,S3 Glacier cost vs active Verified Permissions authorization charges
User Notifications,Notification history > 365 days old,No recent notification deliveries,Notification audit trail (1-3 years),S3 Glacier for notification log archives,Communication compliance audit - SOC2,S3 Glacier cost vs active notification delivery charges
End User Messaging,Message history > 365 days old,No recent SMS/push message sends,Communication archive (1-7 years for compliance),S3 Glacier for message delivery log archives,Communication compliance - GDPR/CAN-SPAM/SOC2,S3 Glacier cost vs active messaging charges
Chime SDK,Communication log archive > 365 days old,No recent SDK meeting or call activity,Communication compliance archive (1-7 years - FINRA),S3 Glacier for communication log archives,Communication compliance - FINRA/HIPAA/SOC2,S3 Glacier cost vs active Chime SDK usage charges
WorkSpaces Applications,Application bundle archive > 365 days old,No recent streaming session activity,App bundle version archive (1-3 years),S3 Glacier for application bundle archives,Application delivery compliance audit - SOC2,S3 Glacier cost vs active WorkSpaces streaming charges
WorkSpaces Secure Browser,Browser session log > 365 days old,No recent secure browsing sessions,Browser audit trail (1-3 years),S3 Glacier for session log archives,Secure browser compliance audit - SOC2,S3 Glacier cost vs active WorkSpaces Secure Browser charges
WorkSpaces Thin Client,Device configuration archive > 365 days old,No recent thin client sessions,Endpoint compliance archive (1-3 years),S3 Glacier for device log archives,Thin client compliance audit - SOC2/HIPAA,S3 Glacier cost vs active WorkSpaces Thin Client device charges
Red Hat OpenShift Service on AWS,etcd backup age > 30 days with no restore,No recent OpenShift cluster operations,Cluster state backup for DR (1-3 years),etcd snapshot in S3 with Glacier transition,OpenShift cluster compliance archive - SOC2/FedRAMP,S3 Glacier cost vs active ROSA cluster charges
Elastic VMware Service,VM snapshot age > 90 days,No recent VM restore or launch activity,VM image archive for compliance (1-3 years),EBS-backed snapshot storage for VMware VMs,VMware workload disaster recovery - SOC2,EBS snapshot cost vs active VMware instance on AWS charges
Oracle Database@AWS,Automated backup age > 35 days with no restore,No recent database restore activity,Oracle DB backup retention (35 days automated + 7 years manual),Cross-region snapshot replication for Oracle DR,Oracle compliance backups - HIPAA/SOC2/Oracle audit,Snapshot storage cost vs active Oracle Database@AWS charges
Outposts,Local snapshot/backup age > 90 days,No recent Outpost workload restore,Hybrid cloud backup retention (1-3 years),AWS Backup for Outposts resources + S3 Glacier for logs,On-premises extension compliance - SOC2/FedRAMP,Backup storage cost vs active Outposts rack monthly fee
One Enterprise,Usage archive > 365 days old,No recent enterprise feature usage,Enterprise compliance archive (1-3 years),S3 Glacier for usage log archives,Enterprise governance compliance - SOC2,S3 Glacier cost vs active One Enterprise subscription
Wickr,Communication archive > 7 years old,No recent secure messaging activity,Secure communication archive (7 years - FINRA/legal),S3 Glacier for encrypted communication archives,Secure communication compliance - FINRA/HIPAA/e-discovery,S3 Glacier cost vs active Wickr Enterprise per-user charges
SimSpace Weaver,Simulation state archive > 365 days old,No recent simulation runs,Simulation history archive (1-3 years),S3 Glacier for simulation state and result archives,Simulation audit trail - SOC2,S3 Glacier cost vs active SimSpace Weaver simulation charges
Parallel Computing Service,Job history archive > 365 days old,No recent HPC job submissions,HPC job audit trail (1-3 years),S3 Glacier for job log archives,HPC compliance audit - SOC2/FISMA for government workloads,S3 Glacier cost vs active HPC cluster charges
Telco Network Builder,Network deployment archive > 365 days old,No recent telecom network deployments,Telecom compliance archive (7 years - FCC/telecom regulation),S3 Glacier for network configuration archives,Telecom compliance archive - FCC/SOC2,S3 Glacier cost vs active Telco Network Builder charges
Braket,Quantum job archive > 365 days old,No recent quantum computing tasks,Quantum computing audit trail (1-3 years),S3 Glacier for quantum job result archives,Quantum computing compliance archive - SOC2,S3 Glacier cost vs active Braket per-task charges
Signer,Signing job history > 365 days old,No recent code or document signing activity,Code signing audit trail (3-7 years for compliance),S3 Glacier for signing profile and job archives,Code signing compliance - SOC2/PCI-DSS/software supply chain,S3 Glacier cost vs active Signer signing operation charges
Artifact,Compliance report archive > 365 days old,No recent compliance document downloads,Compliance report retention (3-7 years),S3 Glacier for downloaded compliance report archives,AWS compliance documentation archive - SOC2/PCI-DSS/HIPAA,S3 Glacier cost vs local compliance report storage
Audit Manager,Assessment archive > 7 years old,No recent audit framework assessments,Compliance assessment archive (7 years - SOC2/PCI-DSS),S3 Glacier for audit evidence and assessment archives,Audit compliance - SOC2/PCI-DSS/HIPAA/ISO 27001,S3 Glacier cost vs active Audit Manager assessment charges
Billing Conductor,Billing report archive > 7 years old,No recent custom billing rule modifications,Financial record archive (7 years for IRS/tax compliance),S3 Glacier for billing report exports,Financial compliance archive - IRS 7-year retention/SOC2,S3 Glacier cost vs active Billing Conductor charges
B2B Data Interchange,EDI document archive > 7 years old,No recent EDI transaction processing,EDI compliance archive (7 years - financial/trading partners),S3 Glacier for EDI transaction archives,B2B compliance archive - SOC2/EDI standards/financial,S3 Glacier cost vs active B2B Data Interchange transaction charges
Auto Scaling,Scaling activity history > 365 days old,No recent auto scaling events,Auto scaling audit trail (1-3 years),S3 Glacier for CloudWatch/CloudTrail scaling event archives,Auto scaling compliance audit - SOC2,S3 Glacier cost for logs vs active Auto Scaling group configuration
SWF,Workflow execution history > 365 days old,No recent workflow executions,Workflow execution archive (1-3 years),S3 Glacier for workflow history exports,Workflow compliance audit - SOC2,S3 Glacier cost vs active SWF workflow execution charges
CloudShell,Session log archive > 365 days old,No recent CloudShell sessions,Admin session audit trail (1-3 years),S3 Glacier for CloudShell session log archives,Admin activity compliance audit - SOC2/PCI-DSS,S3 Glacier cost vs active CloudShell session storage (1 GB free)
CloudSearch,Search index archive > 365 days old,No recent document uploads or search queries,Search index backup (1-3 years),S3 Glacier for CloudSearch configuration and data exports,Search service audit trail - SOC2,S3 Glacier cost vs active CloudSearch instance charges
CloudHSM,Key backup age > 365 days with no usage,HSM audit log > 365 days old,HSM key usage archive (7 years - PCI-DSS/FIPS 140-2),S3 Glacier for HSM audit log archives,HSM compliance archive - PCI-DSS/FIPS 140-2/SOC2,S3 Glacier cost for logs vs active CloudHSM cluster ($1.60/HSM/hour)
Cloud Map,Service discovery record archive > 365 days old,No recent service registration activity,Service registry audit trail (1-3 years),S3 Glacier for CloudTrail Cloud Map event archives,Service discovery compliance audit - SOC2,S3 Glacier cost for CloudTrail events vs active Cloud Map queries
Directory Service,Directory log archive > 7 years old,No recent authentication or directory operations,Active Directory compliance archive (7 years - SOC2/compliance),S3 Glacier for directory log archives,Active Directory compliance - SOC2/HIPAA/PCI-DSS,S3 Glacier cost vs active Directory Service instance ($0.09/hour)
Elastic Transcoder,Transcoding job archive > 365 days old,No recent media transcoding activity,Media job history archive (1-3 years),S3 Glacier for transcoding output and log archives,Media compliance archive - SOC2,S3 Glacier cost vs active Elastic Transcoder per-minute charges
Elastic Disaster Recovery,Replication snapshot age > 90 days,No recent failover or drill activity,DR snapshot retention (90 days minimum - 3 years for compliance),AWS Backup or EBS snapshots with Glacier transition,Disaster recovery compliance - SOC2/ISO 22301/HIPAA,Snapshot storage cost vs active replication charges ($0.028/GB-month)
Identity Center,SSO audit log archive > 7 years old,No recent authentication events,Identity compliance archive (7 years - SOC2/PCI-DSS),S3 Glacier for CloudTrail SSO event archives,Identity compliance archive - SOC2/PCI-DSS/HIPAA,S3 Glacier cost for audit events vs active Identity Center usage
Global Accelerator,Access log archive > 365 days old,No recent accelerated traffic,Network access log retention (1-3 years),S3 Glacier for access log archives,Network performance compliance audit - SOC2,S3 Glacier cost vs active Global Accelerator ($0.025/hour + data transfer)
Global View,Inventory snapshot > 365 days old,No recent multi-region resource queries,Resource inventory archive (1-3 years),S3 Glacier for resource inventory exports,Multi-region governance audit - SOC2,S3 Glacier cost for inventory snapshots
Recycle Bin,Retained resource age > 365 days,No recent resource recovery attempts,Resource recovery window (1-365 days per retention rule),EBS snapshot or AMI in Recycle Bin retention storage,Data recovery compliance - SOC2/data governance,Minimal retention cost vs permanent deletion risk
RTB Fabric,Bid request archive > 365 days old,No recent ad bidding activity,Advertising data archive (1-3 years for compliance),S3 Glacier for bid request and response archives,Advertising compliance archive - SOC2,S3 Glacier cost vs active RTB Fabric usage charges
CodeCatalyst,Project history archive > 365 days old,No recent development activity,Dev project history archive (1-3 years),S3 Glacier for project artifact and log archives,Development compliance audit - SOC2/change management,S3 Glacier cost vs active CodeCatalyst space charges
Console Home,N/A - Console-only service,N/A,N/A,N/A,N/A - UI element only - no archival storage concept,N/A
Security Agent,Security scan history > 365 days old,No recent security scan activity,Security scan audit trail (1-3 years),S3 Glacier for security scan result archives,Security compliance archive - SOC2/PCI-DSS,S3 Glacier cost vs active Security Agent scan charges
Security Hub CSPM,CSPM finding archive > 365 days old,Historical cloud posture data,Cloud security posture archive (1-3 years),S3 Glacier for CSPM finding exports,Cloud security compliance archive - SOC2/CIS Benchmarks,S3 Glacier cost vs active Security Hub CSPM charges
Security Incident Response,Incident case archive > 7 years old,No recent security incident activity,Incident response archive (7 years - SOC2/legal),S3 Glacier for incident case archives,Security incident compliance - SOC2/NIST/ISO 27001,S3 Glacier cost vs active Security Incident Response charges
Security Lake,Security log archive > 7 years old,Log access frequency < 1/month,Security data lake compliance archive (7 years - SEC/FINRA financial compliance),S3 Glacier for OCSF security log archives,Security data compliance - SOC2/PCI-DSS/HIPAA/FISMA (7-year retention per SEC/FINRA),S3 Glacier cost vs active Security Lake data ingestion charges
Private Certificate Authority,Certificate issuance history > 7 years old,No recent certificate issuances,PKI compliance archive (7 years - SOC2/PCI-DSS),S3 Glacier for certificate audit log archives,PKI compliance archive - SOC2/PCI-DSS/HIPAA,S3 Glacier cost vs active Private CA ($400/month per CA)
S3 Glacier,Vault lock policy enabled,Archive age > 1 year in vault,Indefinite retention for legal hold (7+ years standard),Vault with compliance lock (WORM storage),WORM compliance - tamper-proof archives - SOC2/PCI-DSS/SEC,Lowest cost storage ($0.00099/GB-month for Deep Archive)
MQ,Broker log archive > 365 days old,No recent message broker activity,Message broker audit trail (1-3 years),S3 Glacier for broker log archives,Message queue compliance audit - SOC2,S3 Glacier cost vs active MQ broker ($0.30/hour for mq.m5.large)
Aurora DSQL,Automated backup > 35 days old,No recent database cluster restore activity,Distributed SQL backup retention (35 days + long-term manual),Cross-region snapshot replication for DR,ACID transaction compliance backups - SOC2/HIPAA,Snapshot storage cost vs active Aurora DSQL cluster charges
Activate,N/A - Program/console service,N/A,N/A,N/A,N/A - Startup program with no archival storage concept,N/A
App Mesh,Access log archive > 365 days old,No recent service mesh traffic,Service mesh audit trail (1-3 years),S3 Glacier for Envoy access log archives,Service mesh compliance audit - SOC2/zero-trust,S3 Glacier cost vs active CloudWatch Logs for Envoy logs
App Runner,Application log archive > 365 days old,No recent application deployments or traffic,Container app audit trail (1-3 years),S3 Glacier for CloudWatch Logs exports,Container app compliance audit - SOC2,S3 Glacier cost vs active App Runner instance charges
App Studio,Application build archive > 365 days old,No recent low-code application usage,Application version history (1-3 years),S3 Glacier for app configuration archives,Low-code compliance audit - SOC2,S3 Glacier cost vs active App Studio charges
AppConfig,Configuration deployment history > 365 days old,No recent configuration changes or deployments,Application config audit trail (1-3 years),S3 Glacier for configuration version archives,Configuration compliance audit - SOC2/change management,S3 Glacier cost vs active AppConfig deployment charges
AppFabric,Data integration log archive > 365 days old,No recent SaaS data normalization activity,SaaS integration audit trail (1-3 years),S3 Glacier for normalized event archives,SaaS data compliance audit - SOC2/HIPAA,S3 Glacier cost vs active AppFabric ingestion charges
AppSync,GraphQL API log archive > 365 days old,No recent API queries or mutations,GraphQL API audit trail (1-3 years),S3 Glacier for CloudWatch Logs exports,GraphQL compliance audit - SOC2,S3 Glacier cost vs active AppSync query charges
Application Discovery Service,Discovery data archive > 365 days old,No recent migration discovery scans,Migration discovery archive (1-3 years),S3 Glacier for discovery data exports,Migration planning audit trail - SOC2,S3 Glacier cost vs active Application Discovery Service charges
Application Migration Service,Replication log archive > 365 days old,No recent server migration activity,Migration audit trail (1-3 years),S3 Glacier for migration log archives,Server migration compliance - SOC2,S3 Glacier cost vs active Application Migration Service charges
Billing,Billing data archive > 3 years old,No recent billing analysis activity,Financial record archive (IRS min 3 years; 7-year conservative best practice for financial audits),S3 Glacier for Cost and Usage Report archives,Financial compliance archive - IRS 3-year minimum (7 years recommended for completeness)/SOC2,S3 Glacier cost for archived billing data vs CloudWatch
CloudWatch Evidently,Experiment archive > 365 days old,No recent feature flag experiments,Feature flag experiment archive (1-3 years),S3 Glacier for experiment result archives,Feature release compliance audit - SOC2,S3 Glacier cost vs active Evidently event evaluation charges
CloudWatch Logs,Log retention > 365 days configured,Low log access frequency,Compliance log retention (1-7 years per framework),Export to S3 Glacier for long-term storage,Audit and compliance logs - SOC2/HIPAA/PCI-DSS centralized,S3 Glacier much cheaper than CloudWatch Logs active retention
CloudWatch Logs Insights,Query history > 365 days old,No recent log analysis queries,Log analysis audit trail (1-3 years),S3 Glacier for query result exports,Log analysis compliance audit - SOC2,S3 Glacier cost vs active CloudWatch Logs Insights query charges
CloudWatch RUM,Session archive > 365 days old,No recent web application monitoring,Web performance archive (1-3 years),S3 Glacier for RUM event archives,Web application compliance audit - SOC2,S3 Glacier cost vs active CloudWatch RUM event ingestion
CloudWatch Synthetics,Canary run archive > 365 days old,No recent synthetic test executions,Availability monitoring archive (1-3 years),S3 Glacier for canary run result and screenshot archives,Synthetic monitoring compliance - SOC2/SLA compliance,S3 Glacier cost vs active Synthetics canary run charges
Cost and Usage Reports,CUR data archive > 3 years old,No recent cost analysis queries,Financial record archive (IRS min 3 years; 7-year conservative best practice for financial audits),S3 Glacier for CUR CSV file archives,Financial compliance archive - IRS 3-year minimum (7 years recommended)/SOC2 cost governance,S3 Glacier cost vs active S3 Standard for CUR files
DataZone,Data catalog archive > 365 days old,No recent data asset publishing or discovery,Data governance archive (1-3 years),S3 Glacier for data catalog and lineage archives,Data governance compliance - GDPR/SOC2/data lineage,S3 Glacier cost vs active DataZone domain charges
Database Migration Service,Migration task archive > 365 days old,No recent database migration activity,Migration audit trail (1-3 years),S3 Glacier for DMS task log archives,Database migration compliance audit - SOC2,S3 Glacier cost vs active DMS replication instance charges
Elemental Appliances & Software,N/A - Hardware/software product,N/A,N/A,N/A,N/A - Physical appliance product - no cloud archival concept,N/A
Elemental MediaConnect,Flow log archive > 365 days old,No recent media transport activity,Media transport audit trail (1-3 years),S3 Glacier for flow log archives,Media transport compliance - SOC2/broadcast standards,S3 Glacier cost vs active MediaConnect flow charges
Elemental MediaConvert,Transcoding job archive > 365 days old,No recent media encoding activity,Media processing archive (1-3 years),S3 Glacier for job history and output log archives,Media encoding compliance audit - SOC2,S3 Glacier cost vs active MediaConvert per-minute charges
Elemental MediaLive,Channel log archive > 365 days old,No recent live stream activity,Live streaming audit trail (1-3 years),S3 Glacier for channel log archives,Live broadcast compliance audit - SOC2,S3 Glacier cost vs active MediaLive input/output charges
Elemental MediaPackage,Harvest job archive > 365 days old,No recent content packaging activity,Content packaging audit (1-3 years),S3 Glacier for content archives and log exports,Content delivery compliance - SOC2/DRM,S3 Glacier cost vs active MediaPackage packaging charges
Elemental MediaStore,Container data age > 365 days old,No recent media asset access,Media asset archive (1-3 years),S3 Glacier for archived media container data,Media storage compliance archive - SOC2,S3 Glacier cost vs active MediaStore container charges
Elemental MediaTailor,Ad insertion log archive > 365 days old,No recent ad personalization activity,Ad delivery audit trail (1-3 years),S3 Glacier for ad insertion log archives,Ad delivery compliance audit - SOC2/advertising standards,S3 Glacier cost vs active MediaTailor session and ad charges
Glue DataBrew,Recipe version archive > 365 days old,No recent data preparation jobs,Data preparation audit trail (1-3 years),S3 Glacier for DataBrew job output and profile archives,Data preparation compliance - SOC2/data lineage,S3 Glacier cost vs active DataBrew node charges
Health Dashboard,Health event archive > 365 days old,No recent AWS service health events accessed,Health event history archive (1-3 years),S3 Glacier for Health API event exports,AWS health compliance audit - SOC2/incident management,S3 Glacier cost for event exports (Health Dashboard free service)
IQ,N/A - Console-only marketplace service,N/A,N/A,N/A,N/A - Expert marketplace with no archival storage concept,N/A
Interactive Video Service,Recording archive > 365 days old,No recent live stream activity or recordings,Video recording archive (1-3 years),S3 Glacier for video recording archives,Video streaming compliance archive - SOC2,S3 Glacier cost vs active IVS channel and storage charges
Kinesis Video Streams,Video data archive > 365 days old,No recent video stream ingestion,Video surveillance archive (1-7 years for compliance),S3 Glacier for video data archives,Video surveillance compliance - SOC2/physical security,S3 Glacier cost vs active KVS data ingestion charges
Lake Formation,Data lake access log archive > 365 days old,No recent data governance operations,Data lake governance archive (1-7 years for compliance),S3 Glacier for CloudTrail Lake Formation event archives,Data lake compliance - SOC2/GDPR/HIPAA/data governance,S3 Glacier cost for CloudTrail events vs active CloudWatch Logs
Launch Wizard,Deployment history archive > 365 days old,No recent guided deployments,Deployment audit trail (1-3 years),S3 Glacier for deployment log archives,Deployment compliance audit - SOC2/change management,S3 Glacier cost vs active CloudFormation/CloudWatch Logs
Mainframe Modernization,Migration archive > 365 days old,No recent mainframe application migration activity,Modernization audit trail (1-3 years),S3 Glacier for migration artifact and log archives,Mainframe migration compliance - SOC2/change management,S3 Glacier cost vs active Mainframe Modernization runtime charges
Marketplace,Subscription history archive > 7 years old,No recent software procurement activity,Procurement record archive (7 years for IRS/financial),S3 Glacier for purchase history exports,Software procurement compliance - IRS/SOC2/financial audit,S3 Glacier cost for procurement records (Marketplace data free)
Parameter Store,Parameter version archive > 365 days old,No recent parameter access or modifications,Configuration history archive (1-3 years),S3 Glacier for parameter change history exports,Configuration compliance audit - SOC2/PCI-DSS,S3 Glacier cost vs active Parameter Store standard parameters (free up to 10K)
Personal Health Dashboard,Event archive > 365 days old,No recent AWS service disruptions accessed,Health event history (1-3 years),S3 Glacier for health event exports,AWS service health compliance - SOC2/incident management,S3 Glacier cost for event exports (Personal Health Dashboard free)
Resource Groups,Group configuration archive > 365 days old,No recent resource group operations,Resource organization audit (1-3 years),S3 Glacier for CloudTrail resource group event archives,Resource governance compliance - SOC2,S3 Glacier cost for CloudTrail events (Resource Groups free service)
Snow Family,Transfer log archive > 7 years old,No recent data transfer operations,Physical data transfer archive (7 years for compliance),S3 Glacier for Snow Family transfer log archives,Physical media data transfer compliance - SOC2/chain of custody,S3 Glacier cost for transfer logs vs per-job Snow Family charges
Support,Support case archive > 7 years old,No recent support case activity,Support case history archive (7 years for compliance),S3 Glacier for support case exports,Support compliance archive - SOC2/incident management,S3 Glacier cost for case exports (Support plan charges separate)
Tag Editor,Tag change history > 365 days old,No recent resource tagging operations,Tag governance audit trail (1-3 years),S3 Glacier for CloudTrail tag change event archives,Tag governance compliance - SOC2/cost allocation,S3 Glacier cost for CloudTrail events (Tag Editor free service)
Well-Architected Tool,Review archive > 365 days old,No recent architecture reviews or milestone updates,Architecture review archive (1-3 years),S3 Glacier for Well-Architected review exports,Architecture compliance audit - SOC2/best practices documentation,S3 Glacier cost for review exports (Well-Architected Tool free)
re:Post,N/A - Community forum service,N/A,N/A,N/A,N/A - Community knowledge base with no archival storage concept,N/A
