Service Name,AWS API/Service to Use,Key Metrics to Collect,Sample API Call/CLI Command,IAM Permissions Required,Monitoring Frequency Recommendation
EC2,EC2 API + CloudWatch,CPUUtilization NetworkIn NetworkOut DiskReadOps DiskWriteOps StatusCheckFailed,"aws ec2 describe-instances --filters Name=instance-state-name,Values=running",ec2:DescribeInstances ec2:DescribeInstanceStatus cloudwatch:GetMetricStatistics,Every 6 hours
RDS,RDS API + CloudWatch + Performance Insights,CPUUtilization DatabaseConnections ReadIOPS WriteIOPS FreeableMemory ReadLatency WriteLatency,aws rds describe-db-instances,rds:DescribeDBInstances rds:DescribeDBClusters cloudwatch:GetMetricStatistics pi:GetResourceMetrics,Every 6 hours
DynamoDB,DynamoDB API + CloudWatch,ConsumedReadCapacityUnits ConsumedWriteCapacityUnits ProvisionedReadCapacityUnits ProvisionedWriteCapacityUnits UserErrors SystemErrors,aws dynamodb list-tables && aws dynamodb describe-table --table-name TABLE_NAME,dynamodb:ListTables dynamodb:DescribeTable cloudwatch:GetMetricStatistics,Every 6 hours
S3,S3 API + CloudWatch + S3 Storage Lens,BucketSizeBytes NumberOfObjects GetRequests PutRequests DeleteRequests,aws s3api list-buckets && aws s3api get-bucket-location --bucket BUCKET_NAME,s3:ListAllMyBuckets s3:GetBucketLocation s3:GetBucketLifecycleConfiguration cloudwatch:GetMetricStatistics,Every 24 hours
Lambda,Lambda API + CloudWatch Logs,Invocations Duration Errors Throttles ConcurrentExecutions,"aws lambda list-functions --query Functions[*].[FunctionName,State,Runtime]",lambda:ListFunctions lambda:GetFunction lambda:GetFunctionConfiguration cloudwatch:GetMetricStatistics logs:DescribeLogStreams,Every 12 hours
EBS,EC2 API + CloudWatch,VolumeReadOps VolumeWriteOps VolumeIdleTime BurstBalance,aws ec2 describe-volumes,ec2:DescribeVolumes cloudwatch:GetMetricStatistics,Every 24 hours
ElastiCache,ElastiCache API + CloudWatch,CPUUtilization CacheHits CacheMisses NetworkBytesIn Evictions,aws elasticache describe-cache-clusters,elasticache:DescribeCacheClusters cloudwatch:GetMetricStatistics,Every 6 hours
ECS,ECS API + CloudWatch,CPUUtilization MemoryUtilization RunningTasksCount,aws ecs list-clusters && aws ecs describe-clusters --clusters CLUSTER_NAME,ecs:ListClusters ecs:DescribeClusters ecs:ListTasks ecs:DescribeTasks cloudwatch:GetMetricStatistics,Every 6 hours
EKS,EKS API + CloudWatch,cluster_node_count pod_number_of_running_pods,aws eks list-clusters && aws eks describe-cluster --name CLUSTER_NAME,eks:ListClusters eks:DescribeCluster eks:DescribeNodegroup cloudwatch:GetMetricStatistics,Every 6 hours
Redshift,Redshift API + CloudWatch,CPUUtilization DatabaseConnections QueriesCompletedPerSecond HealthStatus,aws redshift describe-clusters,redshift:DescribeClusters cloudwatch:GetMetricStatistics,Every 3 hours
CloudFront,CloudFront API + CloudWatch,Requests BytesDownloaded BytesUploaded 4xxErrorRate 5xxErrorRate,aws cloudfront list-distributions,cloudfront:ListDistributions cloudfront:GetDistribution cloudwatch:GetMetricStatistics,Every 24 hours
API Gateway,API Gateway API + CloudWatch,Count 4XXError 5XXError Latency IntegrationLatency,aws apigateway get-rest-apis,apigateway:GET cloudwatch:GetMetricStatistics,Every 12 hours
VPC,EC2 API + CloudWatch,N/A,aws ec2 describe-vpcs && aws ec2 describe-subnets,ec2:DescribeVpcs ec2:DescribeSubnets ec2:DescribeRouteTables,Weekly
NAT Gateway,EC2 API + CloudWatch,BytesOutToDestination BytesInFromDestination ActiveConnectionCount PacketsOutToDestination,aws ec2 describe-nat-gateways,ec2:DescribeNatGateways cloudwatch:GetMetricStatistics,Every 6 hours
Elastic Load Balancer,ELB API + CloudWatch,ActiveConnectionCount RequestCount HealthyHostCount UnHealthyHostCount TargetResponseTime,aws elbv2 describe-load-balancers,elasticloadbalancing:DescribeLoadBalancers elasticloadbalancing:DescribeTargetGroups cloudwatch:GetMetricStatistics,Every 6 hours
Route 53,Route 53 API + CloudWatch,DNSQueries HealthCheckStatus ConnectionTime,aws route53 list-hosted-zones && aws route53 list-health-checks,route53:ListHostedZones route53:ListHealthChecks cloudwatch:GetMetricStatistics,Every 24 hours
CloudWatch,CloudWatch API,N/A,aws cloudwatch list-metrics && aws cloudwatch describe-alarms,cloudwatch:ListMetrics cloudwatch:DescribeAlarms cloudwatch:GetMetricStatistics,Weekly
CloudTrail,CloudTrail API + CloudWatch,N/A,aws cloudtrail describe-trails && aws cloudtrail get-trail-status --name TRAIL_NAME,cloudtrail:DescribeTrails cloudtrail:GetTrailStatus cloudwatch:GetMetricStatistics,Weekly
IAM,IAM API,N/A,aws iam list-users && aws iam list-roles,iam:ListUsers iam:ListRoles iam:GetAccountSummary iam:GenerateCredentialReport,Monthly
KMS,KMS API + CloudWatch,N/A,aws kms list-keys && aws kms describe-key --key-id KEY_ID,kms:ListKeys kms:DescribeKey cloudwatch:GetMetricStatistics,Weekly
Secrets Manager,Secrets Manager API + CloudWatch,N/A,aws secretsmanager list-secrets,secretsmanager:ListSecrets secretsmanager:DescribeSecret cloudwatch:GetMetricStatistics,Weekly
SNS,SNS API + CloudWatch,NumberOfMessagesPublished NumberOfNotificationsDelivered NumberOfNotificationsFailed,aws sns list-topics && aws sns get-topic-attributes --topic-arn TOPIC_ARN,sns:ListTopics sns:GetTopicAttributes cloudwatch:GetMetricStatistics,Every 12 hours
SQS,SQS API + CloudWatch,NumberOfMessagesSent NumberOfMessagesReceived NumberOfMessagesDeleted ApproximateNumberOfMessagesVisible,aws sqs list-queues && aws sqs get-queue-attributes --queue-url QUEUE_URL --attribute-names All,sqs:ListQueues sqs:GetQueueAttributes cloudwatch:GetMetricStatistics,Every 12 hours
Kinesis,Kinesis API + CloudWatch,IncomingRecords IncomingBytes GetRecords.Success IteratorAgeMilliseconds,aws kinesis list-streams && aws kinesis describe-stream --stream-name STREAM_NAME,kinesis:ListStreams kinesis:DescribeStream cloudwatch:GetMetricStatistics,Every 6 hours
Athena,Athena API + CloudWatch,DataScannedInBytes EngineExecutionTime,aws athena list-query-executions,athena:ListQueryExecutions athena:GetQueryExecution cloudwatch:GetMetricStatistics,Every 24 hours
Glue,Glue API + CloudWatch,glue.driver.jvm.heap.usage glue.driver.aggregate.numCompletedTasks,aws glue get-jobs && aws glue get-job-runs --job-name JOB_NAME,glue:GetJobs glue:GetJobRuns cloudwatch:GetMetricStatistics,Every 24 hours
EMR,EMR API + CloudWatch,IsIdle CoreNodesRunning YARNMemoryAvailablePercentage,aws emr list-clusters --active && aws emr describe-cluster --cluster-id CLUSTER_ID,emr:ListClusters emr:DescribeCluster cloudwatch:GetMetricStatistics,Every 3 hours
SageMaker,SageMaker API + CloudWatch,ModelLatency Invocations CPUUtilization MemoryUtilization,aws sagemaker list-endpoints && aws sagemaker describe-endpoint --endpoint-name ENDPOINT_NAME,sagemaker:ListEndpoints sagemaker:DescribeEndpoint cloudwatch:GetMetricStatistics,Every 6 hours
Step Functions,Step Functions API + CloudWatch,ExecutionsStarted ExecutionsSucceeded ExecutionsFailed ExecutionThrottled,aws stepfunctions list-state-machines && aws stepfunctions describe-state-machine --state-machine-arn STATE_MACHINE_ARN,states:ListStateMachines states:DescribeStateMachine cloudwatch:GetMetricStatistics,Every 12 hours
EFS,EFS API + CloudWatch,DataReadIOBytes DataWriteIOBytes ClientConnections BurstCreditBalance,aws efs describe-file-systems,elasticfilesystem:DescribeFileSystems cloudwatch:GetMetricStatistics,Every 24 hours
FSx,FSx API + CloudWatch,DataReadBytes DataWriteBytes StorageCapacity FreeStorageCapacity,aws fsx describe-file-systems,fsx:DescribeFileSystems cloudwatch:GetMetricStatistics,Every 24 hours
Backup,Backup API + CloudWatch,NumberOfBackupJobsCreated NumberOfBackupJobsCompleted NumberOfBackupJobsFailed,aws backup list-backup-jobs && aws backup list-backup-vaults,backup:ListBackupJobs backup:ListBackupVaults cloudwatch:GetMetricStatistics,Every 24 hours
CloudFormation,CloudFormation API,N/A,aws cloudformation list-stacks && aws cloudformation describe-stacks,cloudformation:ListStacks cloudformation:DescribeStacks,Weekly
Config,Config API + CloudWatch,N/A,aws configservice describe-configuration-recorders && aws configservice describe-config-rules,config:DescribeConfigurationRecorders config:DescribeConfigRules cloudwatch:GetMetricStatistics,Weekly
Systems Manager,Systems Manager API + CloudWatch,N/A,aws ssm describe-instance-information && aws ssm list-documents,ssm:DescribeInstanceInformation ssm:ListDocuments cloudwatch:GetMetricStatistics,Weekly
WorkSpaces,WorkSpaces API + CloudWatch,CPUUsage MemoryUsage ConnectionAttempt ConnectionSuccess,aws workspaces describe-workspaces,workspaces:DescribeWorkspaces cloudwatch:GetMetricStatistics,Every 6 hours
AppStream,AppStream API + CloudWatch,ActualCapacity AvailableCapacity CapacityUtilization,aws appstream describe-fleets,appstream:DescribeFleets cloudwatch:GetMetricStatistics,Every 6 hours
Direct Connect,Direct Connect API + CloudWatch,ConnectionBpsEgress ConnectionBpsIngress ConnectionState,aws directconnect describe-connections,directconnect:DescribeConnections cloudwatch:GetMetricStatistics,Every 24 hours
VPN,EC2 API + CloudWatch,TunnelDataIn TunnelDataOut TunnelState,aws ec2 describe-vpn-connections,ec2:DescribeVpnConnections cloudwatch:GetMetricStatistics,Every 24 hours
Transit Gateway,EC2 API + CloudWatch,BytesIn BytesOut PacketsIn PacketsOut PacketDropCountBlackhole,aws ec2 describe-transit-gateways,ec2:DescribeTransitGateways cloudwatch:GetMetricStatistics,Every 6 hours
DocumentDB,DocDB API + CloudWatch,CPUUtilization DatabaseConnections ReadIOPS WriteIOPS FreeableMemory,aws docdb describe-db-clusters && aws docdb describe-db-instances,rds:DescribeDBClusters rds:DescribeDBInstances cloudwatch:GetMetricStatistics,Every 6 hours
Neptune,Neptune API + CloudWatch,CPUUtilization GremlinRequestsPerSec SparqlRequestsPerSec,aws neptune describe-db-clusters && aws neptune describe-db-instances,rds:DescribeDBClusters rds:DescribeDBInstances cloudwatch:GetMetricStatistics,Every 6 hours
Timestream,Timestream API + CloudWatch,SystemErrors UserErrors SuccessfulRequestLatency,aws timestream-write list-databases && aws timestream-write list-tables --DatabaseName DB_NAME,timestream:ListDatabases timestream:ListTables cloudwatch:GetMetricStatistics,Every 12 hours
QLDB,QLDB API + CloudWatch,CommandLatency SystemErrors,aws qldb list-ledgers && aws qldb describe-ledger --name LEDGER_NAME,qldb:ListLedgers qldb:DescribeLedger cloudwatch:GetMetricStatistics,Every 12 hours
Keyspaces,Keyspaces API + CloudWatch,ConsumedReadCapacityUnits ConsumedWriteCapacityUnits SystemErrors UserErrors,aws keyspaces list-keyspaces && aws keyspaces list-tables --keyspace-name KEYSPACE_NAME,cassandra:Select cloudwatch:GetMetricStatistics,Every 6 hours
MemoryDB,MemoryDB API + CloudWatch,CPUUtilization FreeableMemory CacheHits CacheMisses NetworkBytesIn NetworkBytesOut,aws memorydb describe-clusters,memorydb:DescribeClusters cloudwatch:GetMetricStatistics,Every 6 hours
OpenSearch,OpenSearch API + CloudWatch,CPUUtilization FreeStorageSpace JVMMemoryPressure SearchableDocuments IndexingRate SearchRate,aws opensearch list-domain-names && aws opensearch describe-domain --domain-name DOMAIN_NAME,es:ListDomainNames es:DescribeElasticsearchDomain cloudwatch:GetMetricStatistics,Every 6 hours
MSK,MSK API + CloudWatch,BytesInPerSec BytesOutPerSec MessagesInPerSec KafkaAppLogsDiskUsed OfflinePartitionsCount,aws kafka list-clusters && aws kafka describe-cluster --cluster-arn CLUSTER_ARN,kafka:ListClusters kafka:DescribeCluster cloudwatch:GetMetricStatistics,Every 6 hours
EventBridge,EventBridge API + CloudWatch,MatchedEvents FailedInvocations ThrottledRules Invocations,aws events list-rules && aws events list-event-buses,events:ListRules events:ListEventBuses cloudwatch:GetMetricStatistics,Every 12 hours
AppFlow,AppFlow API + CloudWatch,FlowExecutionsStarted FlowExecutionsFailed FlowExecutionRecordsProcessed,aws appflow list-flows && aws appflow describe-flow --flow-name FLOW_NAME,appflow:ListFlows appflow:DescribeFlow cloudwatch:GetMetricStatistics,Every 24 hours
DataSync,DataSync API + CloudWatch,BytesTransferred FilesTransferred,aws datasync list-tasks && aws datasync describe-task --task-arn TASK_ARN,datasync:ListTasks datasync:DescribeTask cloudwatch:GetMetricStatistics,Every 24 hours
Transfer Family,Transfer Family API + CloudWatch,BytesIn BytesOut FilesIn FilesOut,aws transfer list-servers && aws transfer describe-server --server-id SERVER_ID,transfer:ListServers transfer:DescribeServer cloudwatch:GetMetricStatistics,Every 24 hours
Storage Gateway,Storage Gateway API + CloudWatch,CacheUsed CacheHitPercent ReadBytes WriteBytes,aws storagegateway list-gateways && aws storagegateway describe-gateway-information --gateway-arn GATEWAY_ARN,storagegateway:ListGateways storagegateway:DescribeGatewayInformation cloudwatch:GetMetricStatistics,Every 24 hours
Lightsail,Lightsail API + CloudWatch,CPUUtilization NetworkIn NetworkOut StatusCheckFailed,aws lightsail get-instances && aws lightsail get-instance --instance-name INSTANCE_NAME,lightsail:GetInstances lightsail:GetInstance cloudwatch:GetMetricStatistics,Every 6 hours
CodeBuild,CodeBuild API + CloudWatch,Builds SucceededBuilds FailedBuilds Duration,aws codebuild list-projects && aws codebuild batch-get-projects --names PROJECT_NAME,codebuild:ListProjects codebuild:BatchGetProjects cloudwatch:GetMetricStatistics,Every 24 hours
CodePipeline,CodePipeline API + CloudWatch,PipelineExecutionAttempts SucceededPipelineExecutions FailedPipelineExecutions,aws codepipeline list-pipelines && aws codepipeline get-pipeline --name PIPELINE_NAME,codepipeline:ListPipelines codepipeline:GetPipeline cloudwatch:GetMetricStatistics,Every 24 hours
CodeDeploy,CodeDeploy API + CloudWatch,N/A,aws deploy list-applications && aws deploy list-deployments,codedeploy:ListApplications codedeploy:ListDeployments cloudwatch:GetMetricStatistics,Every 24 hours
CodeCommit,CodeCommit API + CloudWatch,N/A,aws codecommit list-repositories,codecommit:ListRepositories cloudwatch:GetMetricStatistics,Weekly
CodeArtifact,CodeArtifact API + CloudWatch,N/A,aws codeartifact list-domains && aws codeartifact list-repositories,codeartifact:ListDomains codeartifact:ListRepositories cloudwatch:GetMetricStatistics,Weekly
ECR,ECR API + CloudWatch,N/A,aws ecr describe-repositories && aws ecr describe-images --repository-name REPO_NAME,ecr:DescribeRepositories ecr:DescribeImages cloudwatch:GetMetricStatistics,Weekly
Amplify,Amplify API + CloudWatch,Requests BytesDownloaded Latency 4xxErrors 5xxErrors,aws amplify list-apps && aws amplify get-app --app-id APP_ID,amplify:ListApps amplify:GetApp cloudwatch:GetMetricStatistics,Every 24 hours
Cloud9,Cloud9 API,N/A,aws cloud9 list-environments && aws cloud9 describe-environments --environment-ids ENV_ID,cloud9:ListEnvironments cloud9:DescribeEnvironments,Monthly
X-Ray,X-Ray API + CloudWatch,N/A,aws xray get-groups && aws xray get-sampling-rules,xray:GetGroups xray:GetSamplingRules cloudwatch:GetMetricStatistics,Weekly
GuardDuty,GuardDuty API + CloudWatch,N/A,aws guardduty list-detectors && aws guardduty get-detector --detector-id DETECTOR_ID,guardduty:ListDetectors guardduty:GetDetector cloudwatch:GetMetricStatistics,Weekly
Macie,Macie2 API + CloudWatch,N/A,aws macie2 list-classification-jobs && aws macie2 get-macie-session,macie2:ListClassificationJobs macie2:GetMacieSession cloudwatch:GetMetricStatistics,Weekly
Security Hub,Security Hub API + CloudWatch,N/A,aws securityhub describe-hub && aws securityhub list-findings,securityhub:DescribeHub securityhub:ListFindings cloudwatch:GetMetricStatistics,Weekly
Inspector,Inspector2 API + CloudWatch,N/A,aws inspector2 list-findings && aws inspector2 batch-get-account-status,inspector2:ListFindings inspector2:BatchGetAccountStatus cloudwatch:GetMetricStatistics,Weekly
Detective,Detective API + CloudWatch,N/A,aws detective list-graphs && aws detective list-members --graph-arn GRAPH_ARN,detective:ListGraphs detective:ListMembers cloudwatch:GetMetricStatistics,Weekly
WAF,WAF API + CloudWatch,AllowedRequests BlockedRequests CountedRequests,aws wafv2 list-web-acls --scope REGIONAL && aws wafv2 list-web-acls --scope CLOUDFRONT,wafv2:ListWebACLs cloudwatch:GetMetricStatistics,Every 24 hours
Shield,Shield API + CloudWatch,DDoSAttackBitsPerSecond DDoSAttackPacketsPerSecond DDoSAttackRequestsPerSecond,aws shield describe-protection && aws shield list-attacks,shield:DescribeProtection shield:ListAttacks cloudwatch:GetMetricStatistics,Every 24 hours
Firewall Manager,Firewall Manager API,N/A,aws fms list-policies && aws fms get-admin-account,fms:ListPolicies fms:GetAdminAccount,Weekly
Network Firewall,Network Firewall API + CloudWatch,DroppedPackets PassedPackets BlockedFlow AllowedFlow,aws network-firewall list-firewalls && aws network-firewall describe-firewall --firewall-name FIREWALL_NAME,network-firewall:ListFirewalls network-firewall:DescribeFirewall cloudwatch:GetMetricStatistics,Every 6 hours
Certificate Manager,ACM API + CloudWatch,N/A,aws acm list-certificates && aws acm describe-certificate --certificate-arn CERT_ARN,acm:ListCertificates acm:DescribeCertificate cloudwatch:GetMetricStatistics,Monthly
Organizations,Organizations API,N/A,aws organizations list-accounts,organizations:ListAccounts organizations:DescribeOrganization,Monthly
Control Tower,Control Tower API + CloudWatch,N/A,aws controltower list-landing-zones && aws controltower list-managed-accounts,controltower:ListLandingZones controltower:ListManagedAccounts,Monthly
Service Catalog,Service Catalog API + CloudWatch,N/A,aws servicecatalog list-portfolios && aws servicecatalog list-products,servicecatalog:ListPortfolios servicecatalog:ListProducts cloudwatch:GetMetricStatistics,Monthly
License Manager,License Manager API + CloudWatch,N/A,aws license-manager list-licenses && aws license-manager list-resource-inventory,license-manager:ListLicenses license-manager:ListResourceInventory cloudwatch:GetMetricStatistics,Monthly
Trusted Advisor,Trusted Advisor API,N/A,aws trustedadvisor list-checks && aws trustedadvisor get-check-summary,trustedadvisor:ListChecks trustedadvisor:GetCheckSummary,Weekly
Compute Optimizer,Compute Optimizer API,N/A,aws compute-optimizer get-enrollment-status && aws compute-optimizer get-ec2-instance-recommendations,compute-optimizer:GetEnrollmentStatus compute-optimizer:GetEC2InstanceRecommendations,Weekly
Cost Explorer,Cost Explorer API,N/A,"aws ce get-cost-and-usage --time-period Start=START_DATE,End=END_DATE --granularity DAILY --metrics BlendedCost",ce:GetCostAndUsage ce:GetCostForecast,Weekly
Budgets,Budgets API + CloudWatch,N/A,aws budgets describe-budgets --account-id ACCOUNT_ID,budgets:ViewBudget cloudwatch:GetMetricStatistics,Monthly
Grafana,Grafana API + CloudWatch,N/A,aws grafana list-workspaces && aws grafana describe-workspace --workspace-id WORKSPACE_ID,grafana:ListWorkspaces grafana:DescribeWorkspace cloudwatch:GetMetricStatistics,Every 24 hours
Prometheus,AMP API + CloudWatch,N/A,aws amp list-workspaces && aws amp describe-workspace --workspace-id WORKSPACE_ID,aps:ListWorkspaces aps:DescribeWorkspace cloudwatch:GetMetricStatistics,Every 24 hours
DevOps Guru,DevOps Guru API + CloudWatch,N/A,aws devops-guru list-insights --status-filter Type=ONGOING && aws devops-guru describe-account-health,devops-guru:ListInsights devops-guru:DescribeAccountHealth cloudwatch:GetMetricStatistics,Weekly
Resilience Hub,Resilience Hub API,N/A,aws resiliencehub list-apps && aws resiliencehub describe-app --app-arn APP_ARN,resiliencehub:ListApps resiliencehub:DescribeApp,Monthly
Fault Injection Simulator,FIS API + CloudWatch,N/A,aws fis list-experiments && aws fis list-experiment-templates,fis:ListExperiments fis:ListExperimentTemplates cloudwatch:GetMetricStatistics,Monthly
Incident Manager,SSM Incident Manager API + CloudWatch,N/A,aws ssm-incidents list-incidents && aws ssm-incidents list-response-plans,ssm-incidents:ListIncidents ssm-incidents:ListResponsePlans cloudwatch:GetMetricStatistics,Weekly
FinSpace,FinSpace API + CloudWatch,N/A,aws finspace list-environments && aws finspace get-environment --environment-id ENV_ID,finspace:ListEnvironments finspace:GetEnvironment cloudwatch:GetMetricStatistics,Every 24 hours
HealthLake,HealthLake API + CloudWatch,N/A,aws healthlake list-fhir-datastores && aws healthlake describe-fhir-datastore --datastore-id DATASTORE_ID,healthlake:ListFHIRDatastores healthlake:DescribeFHIRDatastore cloudwatch:GetMetricStatistics,Every 24 hours
HealthOmics,HealthOmics API + CloudWatch,N/A,aws omics list-sequence-stores && aws omics list-workflows,omics:ListSequenceStores omics:ListWorkflows cloudwatch:GetMetricStatistics,Every 24 hours
HealthImaging,HealthImaging API + CloudWatch,N/A,aws medical-imaging list-datastores && aws medical-imaging get-datastore --datastore-id DATASTORE_ID,medical-imaging:ListDatastores medical-imaging:GetDatastore cloudwatch:GetMetricStatistics,Every 24 hours
Clean Rooms,Clean Rooms API + CloudWatch,N/A,aws cleanrooms list-collaborations && aws cleanrooms list-memberships,cleanrooms:ListCollaborations cleanrooms:ListMemberships cloudwatch:GetMetricStatistics,Every 24 hours
Entity Resolution,Entity Resolution API + CloudWatch,N/A,aws entityresolution list-schema-mappings && aws entityresolution list-matching-workflows,entityresolution:ListSchemaMappings entityresolution:ListMatchingWorkflows cloudwatch:GetMetricStatistics,Every 24 hours
Data Exchange,Data Exchange API + CloudWatch,N/A,aws dataexchange list-data-sets && aws dataexchange list-subscriptions,dataexchange:ListDataSets dataexchange:ListSubscriptions cloudwatch:GetMetricStatistics,Every 24 hours
Data Firehose,Kinesis Firehose API + CloudWatch,IncomingRecords IncomingBytes DeliveryToS3.DataFreshness FailedConversionToORC,aws firehose list-delivery-streams && aws firehose describe-delivery-stream --delivery-stream-name STREAM_NAME,firehose:ListDeliveryStreams firehose:DescribeDeliveryStream cloudwatch:GetMetricStatistics,Every 6 hours
Pinpoint,Pinpoint API + CloudWatch,N/A,aws pinpoint get-apps && aws pinpoint get-app --application-id APP_ID,mobiletargeting:GetApps mobiletargeting:GetApp cloudwatch:GetMetricStatistics,Every 24 hours
Simple Email Service,SES API + CloudWatch,Send Bounce Complaint Delivery Reject,aws ses list-identities && aws ses get-send-statistics,ses:ListIdentities ses:GetSendStatistics cloudwatch:GetMetricStatistics,Every 24 hours
Chime,Chime API + CloudWatch,N/A,aws chime list-accounts && aws chime get-account --account-id ACCOUNT_ID,chime:ListAccounts chime:GetAccount cloudwatch:GetMetricStatistics,Monthly
Connect,Connect API + CloudWatch,CallsBreachingConcurrencyQuota ContactFlowFatalErrors,aws connect list-instances && aws connect describe-instance --instance-id INSTANCE_ID,connect:ListInstances connect:DescribeInstance cloudwatch:GetMetricStatistics,Every 6 hours
WorkDocs,WorkDocs API + CloudWatch,N/A,aws workdocs describe-instances && aws workdocs describe-users --organization-id ORG_ID,workdocs:DescribeInstances workdocs:DescribeUsers cloudwatch:GetMetricStatistics,Monthly
WorkMail,WorkMail API + CloudWatch,N/A,aws workmail list-organizations && aws workmail describe-organization --organization-id ORG_ID,workmail:ListOrganizations workmail:DescribeOrganization cloudwatch:GetMetricStatistics,Monthly
GameLift,GameLift API + CloudWatch,ActiveInstances DesiredInstances AvailableGameSessions CurrentPlayerSessions,aws gamelift list-fleets && aws gamelift describe-fleet-attributes --fleet-ids FLEET_ID,gamelift:ListFleets gamelift:DescribeFleetAttributes cloudwatch:GetMetricStatistics,Every 6 hours
Managed Blockchain,Managed Blockchain API + CloudWatch,N/A,aws managedblockchain list-networks && aws managedblockchain list-nodes --network-id NETWORK_ID --member-id MEMBER_ID,managedblockchain:ListNetworks managedblockchain:ListNodes cloudwatch:GetMetricStatistics,Every 24 hours
Ground Station,Ground Station API + CloudWatch,N/A,aws groundstation list-satellites && aws groundstation list-contacts,groundstation:ListSatellites groundstation:ListContacts cloudwatch:GetMetricStatistics,Every 24 hours
IoT Core,IoT API + CloudWatch,Connect Disconnect Subscribe Publish RulesExecuted,aws iot list-things && aws iot describe-thing --thing-name THING_NAME,iot:ListThings iot:DescribeThing cloudwatch:GetMetricStatistics,Every 6 hours
IoT Analytics,IoT Analytics API + CloudWatch,N/A,aws iotanalytics list-channels && aws iotanalytics list-pipelines,iotanalytics:ListChannels iotanalytics:ListPipelines cloudwatch:GetMetricStatistics,Every 24 hours
IoT Greengrass,IoT Greengrass API + CloudWatch,N/A,aws greengrassv2 list-core-devices && aws greengrassv2 get-core-device --core-device-thing-name DEVICE_NAME,greengrass:ListCoreDevices greengrass:GetCoreDevice cloudwatch:GetMetricStatistics,Every 24 hours
IoT SiteWise,IoT SiteWise API + CloudWatch,N/A,aws iotsitewise list-assets && aws iotsitewise describe-asset --asset-id ASSET_ID,iotsitewise:ListAssets iotsitewise:DescribeAsset cloudwatch:GetMetricStatistics,Every 24 hours
Lookout for Equipment,Lookout for Equipment API + CloudWatch,N/A,aws lookoutequipment list-datasets && aws lookoutequipment list-inference-schedulers --model-name MODEL_NAME,lookoutequipment:ListDatasets lookoutequipment:ListInferenceSchedulers cloudwatch:GetMetricStatistics,Every 24 hours
Kendra,Kendra API + CloudWatch,IndexQueryCount DocumentSuggestionQueryCount,aws kendra list-indices && aws kendra describe-index --id INDEX_ID,kendra:ListIndices kendra:DescribeIndex cloudwatch:GetMetricStatistics,Every 24 hours
Lex,Lex API + CloudWatch,RuntimeRequestCount RuntimeSuccessfulRequestLatency RuntimeThrottledEvents,aws lexv2-models list-bots && aws lexv2-models list-bot-aliases --bot-id BOT_ID,lex:ListBots lex:ListBotAliases cloudwatch:GetMetricStatistics,Every 24 hours
Polly,Polly API + CloudWatch,RequestCharacters 5XXCount 2XXCount Latency,aws polly describe-voices && aws polly list-speech-synthesis-tasks,polly:DescribeVoices polly:ListSpeechSynthesisTasks cloudwatch:GetMetricStatistics,Every 24 hours
Transcribe,Transcribe API + CloudWatch,N/A,aws transcribe list-transcription-jobs && aws transcribe get-transcription-job --transcription-job-name JOB_NAME,transcribe:ListTranscriptionJobs transcribe:GetTranscriptionJob cloudwatch:GetMetricStatistics,Every 24 hours
Translate,Translate API + CloudWatch,CharacterCount ResponseTime,aws translate list-text-translation-jobs && aws translate describe-text-translation-job --job-id JOB_ID,translate:ListTextTranslationJobs translate:DescribeTextTranslationJob cloudwatch:GetMetricStatistics,Every 24 hours
Comprehend,Comprehend API + CloudWatch,N/A,aws comprehend list-document-classification-jobs && aws comprehend describe-document-classification-job --job-id JOB_ID,comprehend:ListDocumentClassificationJobs comprehend:DescribeDocumentClassificationJob cloudwatch:GetMetricStatistics,Every 24 hours
Rekognition,Rekognition API + CloudWatch,SuccessfulRequestCount ThrottledCount UserErrorCount,aws rekognition describe-projects && aws rekognition list-collections,rekognition:DescribeProjects rekognition:ListCollections cloudwatch:GetMetricStatistics,Every 24 hours
Textract,Textract API + CloudWatch,ResponseTime SuccessfulRequestCount UserErrorCount,aws textract list-adapter-versions && aws textract list-adapters,textract:ListAdapters cloudwatch:GetMetricStatistics,Every 24 hours
Forecast,Forecast API + CloudWatch,N/A,aws forecast list-datasets && aws forecast list-predictors,forecast:ListDatasets forecast:ListPredictors cloudwatch:GetMetricStatistics,Every 24 hours
Personalize,Personalize API + CloudWatch,N/A,aws personalize list-datasets && aws personalize list-solutions,personalize:ListDatasets personalize:ListSolutions cloudwatch:GetMetricStatistics,Every 24 hours
Fraud Detector,Fraud Detector API + CloudWatch,N/A,aws frauddetector get-detectors && aws frauddetector get-models,frauddetector:GetDetectors frauddetector:GetModels cloudwatch:GetMetricStatistics,Every 24 hours
Bedrock,Bedrock API + CloudWatch,Invocations InputTokenCount OutputTokenCount Latency,aws bedrock list-foundation-models && aws bedrock get-foundation-model --model-identifier MODEL_ID,bedrock:ListFoundationModels bedrock:GetFoundationModel cloudwatch:GetMetricStatistics,Every 12 hours
SageMaker,SageMaker API + CloudWatch,ModelLatency Invocations CPUUtilization MemoryUtilization,aws sagemaker list-training-jobs && aws sagemaker list-transform-jobs,sagemaker:ListTrainingJobs sagemaker:ListTransformJobs cloudwatch:GetMetricStatistics,Every 6 hours
Batch,Batch API + CloudWatch,PendingJobCount RunnableJobCount RunningJobCount SucceededJobCount FailedJobCount,aws batch list-jobs && aws batch describe-job-queues,batch:ListJobs batch:DescribeJobQueues cloudwatch:GetMetricStatistics,Every 6 hours
Managed Apache Airflow,MWAA API + CloudWatch,RunningTasks QueuedTasks SchedulerHeartbeat WorkerTaskPendingTime,aws mwaa list-environments && aws mwaa get-environment --name ENV_NAME,airflow:ListEnvironments airflow:GetEnvironment cloudwatch:GetMetricStatistics,Every 6 hours
Managed Apache Flink,Kinesis Data Analytics API + CloudWatch,cpuUtilization heapMemoryUtilization numRecordsInPerSecond numRecordsOutPerSecond,aws kinesisanalyticsv2 list-applications && aws kinesisanalyticsv2 describe-application --application-name APP_NAME,kinesisanalytics:ListApplications kinesisanalytics:DescribeApplication cloudwatch:GetMetricStatistics,Every 6 hours
Deadline Cloud,Deadline Cloud API + CloudWatch,N/A,aws deadline list-farms && aws deadline list-queues --farm-id FARM_ID,deadline:ListFarms deadline:ListQueues cloudwatch:GetMetricStatistics,Every 6 hours
IoT Device Management,IoT API + CloudWatch,N/A,aws iot list-thing-groups && aws iot describe-thing-group --thing-group-name GROUP_NAME,iot:ListThingGroups iot:DescribeThingGroup cloudwatch:GetMetricStatistics,Every 24 hours
IoT Device Defender,IoT Defender API + CloudWatch,N/A,aws iot list-security-profiles && aws iot list-audit-tasks,iot:ListSecurityProfiles iot:ListAuditTasks cloudwatch:GetMetricStatistics,Every 24 hours
IoT Events,IoT Events API + CloudWatch,N/A,aws iotevents list-detector-models && aws iotevents list-inputs,iotevents:ListDetectorModels iotevents:ListInputs cloudwatch:GetMetricStatistics,Every 24 hours
IoT FleetWise,IoT FleetWise API + CloudWatch,N/A,aws iotfleetwise list-vehicles && aws iotfleetwise list-fleets,iotfleetwise:ListVehicles iotfleetwise:ListFleets cloudwatch:GetMetricStatistics,Every 24 hours
IoT TwinMaker,IoT TwinMaker API + CloudWatch,N/A,aws iottwinmaker list-workspaces && aws iottwinmaker list-entities --workspace-id WORKSPACE_ID,iottwinmaker:ListWorkspaces iottwinmaker:ListEntities cloudwatch:GetMetricStatistics,Every 24 hours
Monitron,Monitron API + CloudWatch,N/A,aws monitron list-projects && aws monitron list-sensors --project-name PROJECT_NAME,monitron:ListProjects cloudwatch:GetMetricStatistics,Every 24 hours
Panorama,Panorama API + CloudWatch,N/A,aws panorama list-devices && aws panorama list-applications,panorama:ListDevices panorama:ListApplications cloudwatch:GetMetricStatistics,Every 24 hours
Comprehend Medical,Comprehend Medical API + CloudWatch,N/A,aws comprehendmedical list-phi-detection-jobs && aws comprehendmedical list-entities-detection-v2-jobs,comprehendmedical:ListPHIDetectionJobs comprehendmedical:ListEntitiesDetectionV2Jobs cloudwatch:GetMetricStatistics,Every 24 hours
Augmented AI,SageMaker A2I API + CloudWatch,N/A,aws sagemaker list-human-loops --flow-definition-arn FLOW_ARN && aws sagemaker list-flow-definitions,sagemaker:ListHumanLoops sagemaker:ListFlowDefinitions cloudwatch:GetMetricStatistics,Every 24 hours
Bedrock AgentCore,Bedrock API + CloudWatch,N/A,aws bedrock-agent list-agents && aws bedrock-agent list-knowledge-bases,bedrock:ListAgents bedrock:ListKnowledgeBases cloudwatch:GetMetricStatistics,Every 12 hours
Q Business,Q Business API + CloudWatch,N/A,aws qbusiness list-applications && aws qbusiness get-application --application-id APP_ID,qbusiness:ListApplications qbusiness:GetApplication cloudwatch:GetMetricStatistics,Every 24 hours
Q Developer,Q Developer API,N/A,N/A,N/A,N/A
Nova Act,N/A,N/A,N/A,N/A,N/A
Amazon Q,Q Business API + CloudWatch,N/A,aws qbusiness list-applications,qbusiness:ListApplications cloudwatch:GetMetricStatistics,Every 24 hours
DevOps Agent,N/A,N/A,N/A,N/A,N/A
Service Quotas,Service Quotas API + CloudWatch,N/A,aws service-quotas list-services && aws service-quotas list-service-quotas --service-code SERVICE_CODE,servicequotas:ListServices servicequotas:ListServiceQuotas cloudwatch:GetMetricStatistics,Monthly
Resource Access Manager,RAM API + CloudWatch,N/A,aws ram list-resources --resource-owner SELF && aws ram list-principals --resource-owner SELF,ram:ListResources ram:ListPrincipals cloudwatch:GetMetricStatistics,Monthly
Resource Explorer,Resource Explorer API,N/A,aws resource-explorer-2 list-views && aws resource-explorer-2 list-indexes,resource-explorer-2:ListViews resource-explorer-2:ListIndexes,Weekly
Infrastructure Composer,CloudFormation API,N/A,N/A,cloudformation:ListStacks cloudformation:DescribeStacks,N/A
Serverless Application Repository,Serverless Application Repository API,N/A,aws serverlessrepo list-applications && aws serverlessrepo get-application --application-id APP_ID,serverlessrepo:ListApplications serverlessrepo:GetApplication,Monthly
Proton,Proton API + CloudWatch,N/A,aws proton list-environments && aws proton list-services,proton:ListEnvironments proton:ListServices cloudwatch:GetMetricStatistics,Every 24 hours
Data Transfer Terminal,N/A,N/A,N/A,N/A,N/A
Supply Chain,Supply Chain API + CloudWatch,N/A,aws scn list-instances && aws scn describe-instance --instance-id INSTANCE_ID,scn:ListInstances scn:DescribeInstance cloudwatch:GetMetricStatistics,Every 24 hours
Partner Central,N/A,N/A,N/A,N/A,N/A
Payment Cryptography,Payment Cryptography API + CloudWatch,N/A,aws payment-cryptography list-keys && aws payment-cryptography get-key --key-identifier KEY_ID,payment-cryptography:ListKeys payment-cryptography:GetKey cloudwatch:GetMetricStatistics,Every 24 hours
Verified Permissions,Verified Permissions API + CloudWatch,N/A,aws verifiedpermissions list-policy-stores && aws verifiedpermissions list-policies --policy-store-id STORE_ID,verifiedpermissions:ListPolicyStores verifiedpermissions:ListPolicies cloudwatch:GetMetricStatistics,Monthly
User Notifications,User Notifications API + CloudWatch,N/A,aws notifications list-notification-hubs && aws notifications list-channels,notifications:ListNotificationHubs notifications:ListChannels cloudwatch:GetMetricStatistics,Monthly
End User Messaging,End User Messaging API + CloudWatch,N/A,aws sms-voice describe-configuration-sets && aws pinpoint-sms-voice-v2 describe-phone-numbers,sms-voice:DescribeConfigurationSets cloudwatch:GetMetricStatistics,Every 24 hours
Chime SDK,Chime SDK API + CloudWatch,N/A,aws chime-sdk-meetings list-meetings && aws chime-sdk-messaging list-channels --app-instance-arn ARN,chime:ListMeetings chime:ListChannels cloudwatch:GetMetricStatistics,Every 12 hours
WorkSpaces Applications,AppStream API + CloudWatch,N/A,aws appstream describe-app-block-builders && aws appstream describe-applications,appstream:DescribeApplications cloudwatch:GetMetricStatistics,Every 24 hours
WorkSpaces Secure Browser,WorkSpaces Web API + CloudWatch,N/A,aws workspaces-web list-portals && aws workspaces-web get-portal --portal-arn PORTAL_ARN,workspaces-web:ListPortals workspaces-web:GetPortal cloudwatch:GetMetricStatistics,Every 24 hours
WorkSpaces Thin Client,WorkSpaces Thin Client API + CloudWatch,N/A,aws workspaces-thin-client list-environments && aws workspaces-thin-client list-devices,thinclient:ListEnvironments thinclient:ListDevices cloudwatch:GetMetricStatistics,Every 24 hours
Red Hat OpenShift Service on AWS,ROSA API + CloudWatch,N/A,aws rosa list-clusters && aws rosa describe-cluster --cluster CLUSTER_NAME,rosa:ListClusters cloudwatch:GetMetricStatistics,Every 6 hours
Elastic VMware Service,EVS API + CloudWatch,N/A,aws evs list-environments && aws evs get-environment --environment-id ENV_ID,evs:ListEnvironments evs:GetEnvironment cloudwatch:GetMetricStatistics,Every 6 hours
Oracle Database@AWS,RDS API + CloudWatch,CPUUtilization DatabaseConnections ReadIOPS WriteIOPS,aws odb list-db-servers && aws odb list-cloud-vm-clusters,odb:ListDbServers odb:ListCloudVmClusters cloudwatch:GetMetricStatistics,Every 6 hours
Outposts,Outposts API + CloudWatch,N/A,aws outposts list-outposts && aws outposts get-outpost --outpost-id OUTPOST_ID,outposts:ListOutposts outposts:GetOutpost cloudwatch:GetMetricStatistics,Every 24 hours
One Enterprise,N/A,N/A,N/A,N/A,N/A
Wickr,Wickr API + CloudWatch,N/A,aws wickr list-networks && aws wickr get-network --network-id NETWORK_ID,wickr:ListNetworks wickr:GetNetwork cloudwatch:GetMetricStatistics,Monthly
SimSpace Weaver,SimSpace Weaver API + CloudWatch,N/A,aws simspaceweaver list-simulations && aws simspaceweaver describe-simulation --simulation SIMULATION_NAME,simspaceweaver:ListSimulations simspaceweaver:DescribeSimulation cloudwatch:GetMetricStatistics,Every 6 hours
Parallel Computing Service,Parallel Computing Service API + CloudWatch,N/A,aws pcs list-clusters && aws pcs get-cluster --cluster-identifier CLUSTER_ID,pcs:ListClusters pcs:GetCluster cloudwatch:GetMetricStatistics,Every 6 hours
Telco Network Builder,Telco Network Builder API + CloudWatch,N/A,aws tnb list-sol-network-instances && aws tnb list-sol-function-instances,tnb:ListSolNetworkInstances tnb:ListSolFunctionInstances cloudwatch:GetMetricStatistics,Every 24 hours
Braket,Braket API + CloudWatch,N/A,aws braket search-quantum-tasks && aws braket get-device --deviceArn DEVICE_ARN,braket:SearchQuantumTasks braket:GetDevice cloudwatch:GetMetricStatistics,Every 24 hours
Signer,Signer API + CloudWatch,N/A,aws signer list-signing-jobs && aws signer list-signing-platforms,signer:ListSigningJobs signer:ListSigningPlatforms cloudwatch:GetMetricStatistics,Monthly
Artifact,Artifact API,N/A,N/A,artifact:GetReport artifact:ListReports,N/A
Audit Manager,Audit Manager API + CloudWatch,N/A,aws auditmanager list-assessments && aws auditmanager list-controls,auditmanager:ListAssessments auditmanager:ListControls cloudwatch:GetMetricStatistics,Monthly
Billing Conductor,Billing Conductor API,N/A,aws billingconductor list-billing-groups && aws billingconductor list-pricing-plans,billingconductor:ListBillingGroups billingconductor:ListPricingPlans,Monthly
B2B Data Interchange,B2B Data Interchange API + CloudWatch,N/A,aws b2bi list-partnerships && aws b2bi list-profiles,b2bi:ListPartnerships b2bi:ListProfiles cloudwatch:GetMetricStatistics,Every 24 hours
Auto Scaling,Auto Scaling API + CloudWatch,GroupMinSize GroupMaxSize GroupDesiredCapacity GroupInServiceInstances GroupPendingInstances GroupTerminatingInstances,aws autoscaling describe-auto-scaling-groups && aws autoscaling describe-auto-scaling-instances,autoscaling:DescribeAutoScalingGroups autoscaling:DescribeAutoScalingInstances cloudwatch:GetMetricStatistics,Every 6 hours
SWF,SWF API + CloudWatch,DecisionTaskScheduleToStartTime ActivityTaskScheduleToStartTime WorkflowStartToCloseTime,aws swf list-domains --registration-status REGISTERED && aws swf list-workflow-types --domain DOMAIN_NAME --registration-status REGISTERED,swf:ListDomains swf:ListWorkflowTypes cloudwatch:GetMetricStatistics,Every 12 hours
CloudShell,N/A,N/A,N/A,N/A,N/A
CloudSearch,CloudSearch API + CloudWatch,SuccessfulRequests SearchableDocuments IndexUtilization,aws cloudsearch list-domain-names && aws cloudsearch describe-domains,cloudsearch:ListDomainNames cloudsearch:DescribeDomains cloudwatch:GetMetricStatistics,Every 24 hours
CloudHSM,CloudHSM API + CloudWatch,HsmUnhealthy BackupExpiration,aws cloudhsmv2 describe-clusters && aws cloudhsmv2 describe-backups,cloudhsm:DescribeClusters cloudhsm:DescribeBackups cloudwatch:GetMetricStatistics,Every 6 hours
Cloud Map,Cloud Map API + CloudWatch,N/A,aws servicediscovery list-namespaces && aws servicediscovery list-services,servicediscovery:ListNamespaces servicediscovery:ListServices cloudwatch:GetMetricStatistics,Every 24 hours
Directory Service,Directory Service API + CloudWatch,N/A,aws ds describe-directories && aws ds describe-domain-controllers --directory-id DIRECTORY_ID,ds:DescribeDirectories ds:DescribeDomainControllers cloudwatch:GetMetricStatistics,Every 6 hours
Elastic Transcoder,Elastic Transcoder API + CloudWatch,N/A,aws elastictranscoder list-pipelines && aws elastictranscoder list-jobs-by-status --status Submitted,elastictranscoder:ListPipelines elastictranscoder:ListJobsByStatus cloudwatch:GetMetricStatistics,Every 24 hours
Elastic Disaster Recovery,Elastic Disaster Recovery API + CloudWatch,N/A,aws drs describe-source-servers && aws drs describe-jobs,drs:DescribeSourceServers drs:DescribeJobs cloudwatch:GetMetricStatistics,Every 6 hours
Identity Center,Identity Center API + CloudWatch,N/A,aws sso-admin list-instances && aws sso-admin list-accounts-for-provisioned-permission-set --instance-arn INSTANCE_ARN --permission-set-arn PERMISSION_SET_ARN,sso:ListInstances sso-admin:ListAccountsForProvisionedPermissionSet cloudwatch:GetMetricStatistics,Monthly
Global Accelerator,Global Accelerator API + CloudWatch,NewFlowCount ProcessedBytesIn ProcessedBytesOut,aws globalaccelerator list-accelerators && aws globalaccelerator describe-accelerator --accelerator-arn ACCELERATOR_ARN,globalaccelerator:ListAccelerators globalaccelerator:DescribeAccelerator cloudwatch:GetMetricStatistics,Every 6 hours
Global View,N/A,N/A,N/A,N/A,N/A
Recycle Bin,EC2 API + CloudWatch,N/A,aws rbin list-rules && aws rbin get-rule --identifier RULE_ID,rbin:ListRules rbin:GetRule cloudwatch:GetMetricStatistics,Weekly
RTB Fabric,N/A,N/A,N/A,N/A,N/A
CodeCatalyst,CodeCatalyst API + CloudWatch,N/A,aws codecatalyst list-spaces && aws codecatalyst list-projects --space-name SPACE_NAME,codecatalyst:ListSpaces codecatalyst:ListProjects cloudwatch:GetMetricStatistics,Monthly
Console Home,N/A,N/A,N/A,N/A,N/A
Security Agent,N/A,N/A,N/A,N/A,N/A
Security Hub CSPM,Security Hub API + CloudWatch,N/A,"aws securityhub list-findings --filters ProductName=[{Value=Security Hub,Comparison=EQUALS}]",securityhub:ListFindings securityhub:GetFindings cloudwatch:GetMetricStatistics,Weekly
Security Incident Response,Security Hub API + SSM Incidents API,N/A,aws ssm-incidents list-incidents && aws securityhub list-findings,ssm-incidents:ListIncidents securityhub:ListFindings,Weekly
Security Lake,Security Lake API + CloudWatch,N/A,aws securitylake list-data-lakes && aws securitylake list-log-sources,securitylake:ListDataLakes securitylake:ListLogSources cloudwatch:GetMetricStatistics,Weekly
Private Certificate Authority,ACM PCA API + CloudWatch,N/A,aws acm-pca list-certificate-authorities && aws acm-pca describe-certificate-authority --certificate-authority-arn CA_ARN,acm-pca:ListCertificateAuthorities acm-pca:DescribeCertificateAuthority cloudwatch:GetMetricStatistics,Monthly
S3 Glacier,Glacier API + CloudWatch,N/A,aws glacier list-vaults --account-id ACCOUNT_ID && aws glacier describe-vault --account-id ACCOUNT_ID --vault-name VAULT_NAME,glacier:ListVaults glacier:DescribeVault cloudwatch:GetMetricStatistics,Every 24 hours
MQ,MQ API + CloudWatch,CpuUtilization HeapUsage NetworkIn NetworkOut,aws mq list-brokers && aws mq describe-broker --broker-id BROKER_ID,mq:ListBrokers mq:DescribeBroker cloudwatch:GetMetricStatistics,Every 6 hours
Aurora DSQL,RDS API + CloudWatch,CPUUtilization DatabaseConnections ReadIOPS WriteIOPS,aws dsql list-clusters && aws dsql get-cluster --identifier CLUSTER_ID,dsql:ListClusters dsql:GetCluster cloudwatch:GetMetricStatistics,Every 6 hours
Activate,N/A,N/A,N/A,N/A,N/A
App Mesh,App Mesh API + CloudWatch,N/A,aws appmesh list-meshes && aws appmesh list-virtual-services --mesh-name MESH_NAME,appmesh:ListMeshes appmesh:ListVirtualServices cloudwatch:GetMetricStatistics,Every 12 hours
App Runner,App Runner API + CloudWatch,CPUUtilization MemoryUtilization ActiveInstances RequestCount Latency,aws apprunner list-services && aws apprunner describe-service --service-arn SERVICE_ARN,apprunner:ListServices apprunner:DescribeService cloudwatch:GetMetricStatistics,Every 12 hours
App Studio,N/A,N/A,N/A,N/A,N/A
AppConfig,AppConfig API + CloudWatch,N/A,aws appconfig list-applications && aws appconfig list-environments --application-id APP_ID,appconfig:ListApplications appconfig:ListEnvironments cloudwatch:GetMetricStatistics,Every 24 hours
AppFabric,AppFabric API + CloudWatch,N/A,aws appfabric list-app-bundles && aws appfabric list-ingestions --app-bundle-identifier BUNDLE_ID,appfabric:ListAppBundles appfabric:ListIngestions cloudwatch:GetMetricStatistics,Every 24 hours
AppSync,AppSync API + CloudWatch,4XXError 5XXError Latency Requests,aws appsync list-graphql-apis && aws appsync get-graphql-api --api-id API_ID,appsync:ListGraphqlApis appsync:GetGraphqlApi cloudwatch:GetMetricStatistics,Every 12 hours
Application Discovery Service,Application Discovery Service API + CloudWatch,N/A,aws discovery list-servers && aws discovery describe-agents,discovery:ListServers discovery:DescribeAgents cloudwatch:GetMetricStatistics,Every 24 hours
Application Migration Service,MGN API + CloudWatch,N/A,aws mgn describe-source-servers && aws mgn describe-launch-configuration-templates,mgn:DescribeSourceServers mgn:DescribeLaunchConfigurationTemplates cloudwatch:GetMetricStatistics,Every 24 hours
Billing,N/A,N/A,N/A,N/A,N/A
CloudWatch Evidently,CloudWatch Evidently API + CloudWatch,N/A,aws evidently list-projects && aws evidently list-experiments --project PROJECT_NAME,evidently:ListProjects evidently:ListExperiments cloudwatch:GetMetricStatistics,Every 12 hours
CloudWatch Logs,CloudWatch Logs API + CloudWatch,IncomingLogEvents IncomingBytes ForwardedLogEvents ForwardedBytes,aws logs describe-log-groups && aws logs describe-log-streams --log-group-name LOG_GROUP_NAME,logs:DescribeLogGroups logs:DescribeLogStreams logs:GetLogEvents cloudwatch:GetMetricStatistics,Every 12 hours
CloudWatch Logs Insights,CloudWatch Logs API + CloudWatch,N/A,aws logs start-query --log-group-name LOG_GROUP_NAME --start-time START_TIME --end-time END_TIME --query-string QUERY,logs:StartQuery logs:GetQueryResults logs:StopQuery cloudwatch:GetMetricStatistics,Every 24 hours
CloudWatch RUM,CloudWatch RUM API + CloudWatch,N/A,aws rum list-app-monitors && aws rum get-app-monitor --name APP_MONITOR_NAME,rum:ListAppMonitors rum:GetAppMonitor cloudwatch:GetMetricStatistics,Every 12 hours
CloudWatch Synthetics,CloudWatch Synthetics API + CloudWatch,Duration SuccessPercent,aws synthetics describe-canaries && aws synthetics get-canary --name CANARY_NAME,synthetics:DescribeCanaries synthetics:GetCanary cloudwatch:GetMetricStatistics,Every 12 hours
Cost and Usage Reports,Cost and Usage Reports API,N/A,aws cur describe-report-definitions,cur:DescribeReportDefinitions,Monthly
DataZone,DataZone API + CloudWatch,N/A,aws datazone list-domains && aws datazone list-projects --domain-identifier DOMAIN_ID,datazone:ListDomains datazone:ListProjects cloudwatch:GetMetricStatistics,Every 24 hours
Database Migration Service,DMS API + CloudWatch,CDCIncomingChanges CDCChangesNotApplied FullLoadRowsInserted,aws dms describe-replication-instances && aws dms describe-replication-tasks,dms:DescribeReplicationInstances dms:DescribeReplicationTasks cloudwatch:GetMetricStatistics,Every 6 hours
Elemental Appliances & Software,N/A,N/A,N/A,N/A,N/A
Elemental MediaConnect,MediaConnect API + CloudWatch,ConnectedOutputs SourceBitRate TotalOutputBitRate,aws mediaconnect list-flows && aws mediaconnect describe-flow --flow-arn FLOW_ARN,mediaconnect:ListFlows mediaconnect:DescribeFlow cloudwatch:GetMetricStatistics,Every 6 hours
Elemental MediaConvert,MediaConvert API + CloudWatch,JobsCompletedCount JobsErroredCount HDOutputDuration SDOutputDuration,aws mediaconvert list-jobs && aws mediaconvert list-queues,mediaconvert:ListJobs mediaconvert:ListQueues cloudwatch:GetMetricStatistics,Every 12 hours
Elemental MediaLive,MediaLive API + CloudWatch,ActiveAlerts ActiveOutputs NetworkIn NetworkOut,aws medialive list-channels && aws medialive describe-channel --channel-id CHANNEL_ID,medialive:ListChannels medialive:DescribeChannel cloudwatch:GetMetricStatistics,Every 6 hours
Elemental MediaPackage,MediaPackage API + CloudWatch,IngressBytes EgressBytes IngressResponseTime,aws mediapackage list-channels && aws mediapackage describe-channel --id CHANNEL_ID,mediapackage:ListChannels mediapackage:DescribeChannel cloudwatch:GetMetricStatistics,Every 6 hours
Elemental MediaStore,MediaStore API + CloudWatch,RequestCount IncomingBytes OutgoingBytes 4xxErrorCount 5xxErrorCount,aws mediastore list-containers && aws mediastore describe-container --container-name CONTAINER_NAME,mediastore:ListContainers mediastore:DescribeContainer cloudwatch:GetMetricStatistics,Every 12 hours
Elemental MediaTailor,MediaTailor API + CloudWatch,AdDecisionServerErrors AdsInterpolated OriginErrors,aws mediatailor list-playback-configurations && aws mediatailor get-playback-configuration --name CONFIG_NAME,mediatailor:ListPlaybackConfigurations mediatailor:GetPlaybackConfiguration cloudwatch:GetMetricStatistics,Every 12 hours
Glue DataBrew,Glue DataBrew API + CloudWatch,N/A,aws databrew list-projects && aws databrew list-jobs,databrew:ListProjects databrew:ListJobs cloudwatch:GetMetricStatistics,Every 24 hours
Health Dashboard,N/A,N/A,N/A,N/A,N/A
IQ,N/A,N/A,N/A,N/A,N/A
Interactive Video Service,IVS API + CloudWatch,ConcurrentViews LiveDeliveredTime RecordedTime,aws ivs list-channels && aws ivs get-channel --arn CHANNEL_ARN,ivs:ListChannels ivs:GetChannel cloudwatch:GetMetricStatistics,Every 6 hours
Kinesis Video Streams,Kinesis Video Streams API + CloudWatch,PutMedia.Success GetMedia.Success,aws kinesisvideo list-streams && aws kinesisvideo describe-stream --stream-name STREAM_NAME,kinesisvideo:ListStreams kinesisvideo:DescribeStream cloudwatch:GetMetricStatistics,Every 6 hours
Lake Formation,Lake Formation API + CloudWatch,N/A,aws lakeformation list-resources && aws lakeformation get-data-lake-settings,lakeformation:ListResources lakeformation:GetDataLakeSettings cloudwatch:GetMetricStatistics,Monthly
Launch Wizard,Launch Wizard API + CloudWatch,N/A,aws launchwizard list-deployments && aws launchwizard get-deployment --deployment-id DEPLOYMENT_ID,launchwizard:ListDeployments launchwizard:GetDeployment cloudwatch:GetMetricStatistics,Every 24 hours
Mainframe Modernization,Mainframe Modernization API + CloudWatch,N/A,aws m2 list-environments && aws m2 list-applications,m2:ListEnvironments m2:ListApplications cloudwatch:GetMetricStatistics,Every 6 hours
Marketplace,N/A,N/A,N/A,N/A,N/A
Parameter Store,SSM API + CloudWatch,N/A,aws ssm describe-parameters && aws ssm get-parameters-by-path --path /,ssm:DescribeParameters ssm:GetParametersByPath cloudwatch:GetMetricStatistics,Weekly
Personal Health Dashboard,N/A,N/A,N/A,N/A,N/A
Resource Groups,N/A,N/A,N/A,N/A,N/A
Snow Family,Snow Family API + CloudWatch,N/A,aws snowball list-jobs && aws snowball describe-job --job-id JOB_ID,snowball:ListJobs snowball:DescribeJob cloudwatch:GetMetricStatistics,Every 24 hours
Support,N/A,N/A,N/A,N/A,N/A
Tag Editor,N/A,N/A,N/A,N/A,N/A
Well-Architected Tool,N/A,N/A,N/A,N/A,N/A
re:Post,N/A,N/A,N/A,N/A,N/A
