"Service Name","Criteria 1","Criteria 2","Criteria 3","Time Window","Optimization Recommendation","Potential Cost Savings","CloudWatch Metrics Required","API Calls Required"
"EC2","CPUUtilization < 30%","NetworkIn < 10MB/day","State = running","Last 14 days","Downsize to smaller instance type or switch to burstable (t3/t4g)","30-50%","CPUUtilization NetworkIn NetworkOut","ec2:DescribeInstances cloudwatch:GetMetricStatistics"
"RDS","CPUUtilization < 40%","DatabaseConnections < 20% of max_connections","DatabaseConnections > 0","Last 14 days","Reduce instance class or switch to Aurora Serverless v2","40-60%","CPUUtilization DatabaseConnections FreeableMemory ReadIOPS WriteIOPS","rds:DescribeDBInstances rds:DescribeDBClusters"
"DynamoDB","ConsumedReadCapacityUnits < 30% of provisioned","ConsumedWriteCapacityUnits < 30% of provisioned","TableStatus = ACTIVE","Last 30 days","Switch to on-demand billing or reduce provisioned capacity","50-70%","ConsumedReadCapacityUnits ConsumedWriteCapacityUnits ProvisionedReadCapacityUnits ProvisionedWriteCapacityUnits","dynamodb:DescribeTable"
"S3","GetRequests < 10/month per prefix","BucketSizeBytes mostly infrequent access","BucketSizeBytes > 0","Last 90 days","Apply lifecycle policy to move to S3 Intelligent-Tiering or Glacier","70-90%","GetRequests NumberOfObjects BucketSizeBytes","s3:GetBucketLifecycleConfiguration s3:GetBucketLocation"
"Lambda","MaxMemoryUsed < 50% of allocated","Duration < 30% of timeout","Invocations > 100/day","Last 30 days","Reduce memory allocation - cost scales linearly with memory","20-40%","MaxMemoryUsed Duration Invocations","lambda:GetFunction lambda:GetFunctionConfiguration"
"EBS","VolumeReadOps < 100/day","VolumeType = io1 with low IOPS usage","VolumeState = in-use","Last 14 days","Switch from io1 to gp3 or reduce provisioned IOPS","30-40%","VolumeReadOps VolumeWriteOps BurstBalance VolumeIdleTime","ec2:DescribeVolumes cloudwatch:GetMetricStatistics"
"ElastiCache","CPUUtilization < 30%","CacheHitRate > 80% but node oversized","NetworkBytesIn > 0","Last 14 days","Reduce node type from cache.r5.xlarge to cache.r5.large","30-50%","CPUUtilization CacheHitRate NetworkBytesIn CurrConnections","elasticache:DescribeCacheClusters"
"ECS","Task CPUUtilization < 30%","Task MemoryUtilization < 40%","DesiredCount > 0","Last 14 days","Reduce Fargate vCPU/memory in task definition","30-50%","CPUUtilization MemoryUtilization","ecs:DescribeTasks ecs:DescribeServices"
"EKS","Node CPUUtilization < 30%","Node MemoryUtilization < 40%","pod_number_of_container_restarts = 0","Last 14 days","Use smaller node types or enable Cluster Autoscaler","30-50%","N/A (use kubectl metrics-server)","eks:DescribeNodegroup"
"Redshift","CPUUtilization < 40%","QueriesCompletedPerSecond low","DatabaseConnections > 0","Last 14 days","Reduce cluster size or switch to Redshift Serverless","40-60%","CPUUtilization QueriesCompletedPerSecond DatabaseConnections","redshift:DescribeClusters"
"CloudFront","Requests < 10000/day","BytesDownloaded < 10GB/day","DistributionStatus = Deployed","Last 30 days","Switch to cheaper price class (PriceClass_100 vs PriceClass_All)","20-30%","Requests BytesDownloaded 4xxErrorRate 5xxErrorRate","cloudfront:GetDistribution cloudfront:ListDistributions"
"API Gateway","IntegrationLatency low with provisioned cache","CacheHitCount < 50% of requests","Count > 0","Last 14 days","Remove or reduce API cache size if hit rate is low","20-40%","Count IntegrationLatency CacheHitCount CacheMissCount","apigateway:GetRestApis apigateway:GetStages"
"VPC","N/A","N/A","N/A","N/A","Free service - VPC itself has no compute cost; review NAT Gateways and endpoints separately","N/A","N/A","ec2:DescribeVpcs"
"NAT Gateway","BytesOutToDestination < 1GB/day","ActiveConnectionCount < 50","NatGatewayState = available","Last 14 days","Use NAT instance for low-traffic or consolidate multi-AZ NAT Gateways","40-60%","BytesOutToDestination BytesInFromDestination ActiveConnectionCount","ec2:DescribeNatGateways"
"Elastic Load Balancer","ActiveConnectionCount < 100","RequestCount < 1000/hour","HealthyHostCount > 0","Last 14 days","Consolidate load balancers or downsize to NLB for simple routing","10-20%","ActiveConnectionCount RequestCount HealthyHostCount","elbv2:DescribeLoadBalancers elbv2:DescribeTargetGroups"
"Route 53","N/A","N/A","N/A","N/A","Low-cost service; review unused hosted zones and health checks to reduce per-check fees","5-10%","N/A","route53:ListHostedZones route53:ListHealthChecks"
"CloudWatch","N/A","N/A","N/A","N/A","Review custom metrics and dashboards; remove unused alarms and log groups to reduce costs","10-30%","N/A","cloudwatch:ListMetrics cloudwatch:DescribeAlarms logs:DescribeLogGroups"
"CloudTrail","N/A","N/A","N/A","N/A","Consolidate trails to org-level trail; disable duplicate trails to reduce S3 and event costs","20-40%","N/A","cloudtrail:DescribeTrails"
"IAM","N/A","N/A","N/A","N/A","Free service - no cost optimization possible","N/A","N/A","N/A"
"KMS","KeyState = Enabled with low API calls","NumberOfKeyUsages < 10/month","KeyState = Enabled","Last 30 days","Delete unused CMKs; use AWS managed keys where possible to avoid $1/month per CMK","80-100%","N/A","kms:ListKeys kms:DescribeKey kms:GetKeyRotationStatus"
"Secrets Manager","SecretVersionsToStages low rotation","Secret accessed < 1/month","SecretLastAccessedDate within period","Last 30 days","Delete unused secrets; consolidate secrets or use Parameter Store for simple strings","50-70%","N/A","secretsmanager:ListSecrets secretsmanager:DescribeSecret"
"SNS","NumberOfMessagesPublished < 100/day","NumberOfNotificationsDelivered low","NumberOfMessagesPublished > 0","Last 30 days","Remove unused topics; consolidate topics with low throughput","20-40%","NumberOfMessagesPublished NumberOfNotificationsDelivered","sns:ListTopics sns:GetTopicAttributes"
"SQS","NumberOfMessagesSent < 100/day","ApproximateNumberOfMessagesVisible low","NumberOfMessagesSent > 0","Last 30 days","Remove unused queues; right-size message retention period","10-20%","NumberOfMessagesSent NumberOfMessagesReceived ApproximateNumberOfMessagesVisible","sqs:ListQueues sqs:GetQueueAttributes"
"Kinesis","GetRecords.IteratorAgeMilliseconds low","IncomingRecords < 100/hour per shard","IncomingRecords > 0","Last 14 days","Reduce shard count to match actual throughput needs","30-60%","IncomingRecords GetRecords.IteratorAgeMilliseconds IncomingBytes","kinesis:ListStreams kinesis:DescribeStream"
"Athena","TotalExecutionTime low","DataScannedInBytes < 1GB/query average","TotalExecutionTime > 0","Last 30 days","Use partitioning and columnar formats to reduce scanned data costs","40-70%","TotalExecutionTime DataScannedInBytes","athena:ListWorkGroups athena:GetWorkGroup"
"Glue","JobRunTime < 30% of max capacity","DPU hours low relative to data processed","JobRunTime > 0","Last 30 days","Reduce DPU count or use G.1X workers instead of G.2X","30-50%","glue.driver.BlockManager.disk.diskSpaceUsed_MB glue.driver.jvm.heap.usage","glue:GetJobs glue:GetJobRuns"
"EMR","CoreNodeCPUUtilization < 40%","HDFSUtilization < 50%","LiveDataNodes > 0","Last 14 days","Use Spot instances for task nodes; reduce core node count","40-60%","CoreNodeCPUUtilization HDFSUtilization YARNMemoryAvailablePercentage","elasticmapreduce:ListClusters elasticmapreduce:DescribeCluster"
"SageMaker","CPUUtilization < 30% on endpoint","MemoryUtilization < 40% on endpoint","Invocations > 0","Last 14 days","Downsize endpoint instance type or use serverless inference","30-50%","CPUUtilization MemoryUtilization Invocations","sagemaker:ListEndpoints sagemaker:DescribeEndpoint"
"Step Functions","ExecutionsStarted < 10/day","ExecutionTime low","ExecutionsStarted > 0","Last 30 days","Switch to Express Workflows for high-frequency short-duration workflows","40-70%","ExecutionsStarted ExecutionsFailed ExecutionTime","stepfunctions:ListStateMachines stepfunctions:DescribeStateMachine"
"EFS","DataReadIOBytes < 1GB/day","DataWriteIOBytes < 1GB/day","NumberOfMountTargets > 0","Last 30 days","Enable EFS Lifecycle Management to move infrequent data to IA storage class","50-70%","DataReadIOBytes DataWriteIOBytes StorageBytes","elasticfilesystem:DescribeFileSystems"
"FSx","DataReadBytes < 1GB/day","DataWriteBytes < 1GB/day","FileServerDiskThroughputUtilization < 30%","Last 14 days","Downsize storage capacity or throughput tier; switch to HDD if IOPS needs are low","30-50%","DataReadBytes DataWriteBytes FileServerDiskThroughputUtilization","fsx:DescribeFileSystems"
"Backup","BackupJobsCompleted low relative to plan","RestoreJobsCompleted = 0","BackupJobsCompleted > 0","Last 30 days","Remove redundant backup plans; adjust retention periods to reduce storage costs","20-40%","N/A","backup:ListBackupPlans backup:ListBackupJobs"
"CloudFormation","N/A","N/A","N/A","N/A","Free service - no cost for CloudFormation itself; review resources it provisions","N/A","N/A","cloudformation:ListStacks"
"Config","N/A","N/A","N/A","N/A","Review number of config rules and recording frequency; disable unused rules to reduce per-rule costs","20-40%","N/A","config:DescribeConfigRules config:DescribeConfigurationRecorders"
"Systems Manager","N/A","N/A","N/A","N/A","Review Advanced Instances tier usage; downgrade to Standard where possible to reduce costs","10-30%","N/A","ssm:DescribeInstanceInformation ssm:ListDocuments"
"WorkSpaces","CPUUsage < 30%","SessionLaunchTime low","ConnectionState = CONNECTED at least once","Last 14 days","Downgrade bundle size or switch to AutoStop billing mode for infrequent users","30-60%","CPUUsage MemoryUsage SessionLaunchTime","workspaces:DescribeWorkspaces workspaces:DescribeWorkspaceBundles"
"AppStream","ActualCapacity > MaxUserCapacity * 1.5","SessionNotStarted > 50% of fleet time","ActualCapacity > 0","Last 14 days","Reduce fleet desired capacity or enable auto-scaling policies","30-50%","ActualCapacity AvailableCapacity RunningCapacity","appstream:DescribeFleets appstream:DescribeSessions"
"Direct Connect","ConnectionBandwidth utilization < 30%","PacketsReceived low","ConnectionState = available","Last 14 days","Downgrade port speed from 10Gbps to 1Gbps if utilization is consistently low","30-50%","ConnectionBpsEgress ConnectionBpsIngress ConnectionPpsEgress","directconnect:DescribeConnections"
"VPN","TunnelDataIn < 100MB/day","TunnelDataOut < 100MB/day","TunnelState = UP","Last 14 days","Consolidate VPN connections or replace with Direct Connect for high-bandwidth needs","20-40%","TunnelDataIn TunnelDataOut TunnelState","ec2:DescribeVpnConnections"
"Transit Gateway","BytesIn < 1GB/day","PacketsIn low","AttachmentState = available","Last 14 days","Consolidate transit gateways or reduce attachment count if routing is minimal","20-40%","BytesIn BytesOut PacketsIn PacketsOut","ec2:DescribeTransitGateways ec2:DescribeTransitGatewayAttachments"
"DocumentDB","CPUUtilization < 40%","DatabaseConnections < 20% of max","DatabaseConnections > 0","Last 14 days","Reduce instance class or scale down replica count","30-50%","CPUUtilization DatabaseConnections FreeableMemory","docdb:DescribeDBClusters docdb:DescribeDBInstances"
"Neptune","CPUUtilization < 40%","GremlinRequestsPerSec low","DatabaseConnections > 0","Last 14 days","Reduce instance class or remove excess read replicas","30-50%","CPUUtilization GremlinRequestsPerSec SparqlRequestsPerSec","neptune:DescribeDBClusters neptune:DescribeDBInstances"
"Timestream","SystemErrors low","SuccessfulRequestLatency low with few records written","WriteRecords > 0","Last 30 days","Reduce memory store retention period; optimize magnetic store retention","30-60%","SystemErrors SuccessfulRequestLatency","timestream:DescribeEndpoints timestream:ListDatabases"
"QLDB","CommandLatency low","JournalStorage growth < 1MB/day","JournalStorage > 0","Last 30 days","Reduce ledger activity or archive older journal entries","20-40%","CommandLatency JournalStorage","qldb:ListLedgers qldb:DescribeLedger"
"Keyspaces","ConsumedReadCapacityUnits < 30% of provisioned","ConsumedWriteCapacityUnits < 30% of provisioned","SystemErrors = 0","Last 30 days","Switch to on-demand capacity or reduce provisioned throughput","40-60%","ConsumedReadCapacityUnits ConsumedWriteCapacityUnits","cassandra:Select"
"MemoryDB","CPUUtilization < 30%","NetworkBytesIn < 10MB/day","CurrConnections > 0","Last 14 days","Reduce node type or shard count to match actual workload","30-50%","CPUUtilization NetworkBytesIn CurrConnections DatabaseMemoryUsagePercentage","memorydb:DescribeClusters"
"OpenSearch","CPUUtilization < 40%","SearchRate < 10 req/min","KibanaHealthyNodes > 0","Last 14 days","Reduce instance count or downsize data node instance type","30-50%","CPUUtilization SearchRate IndexingRate JVMMemoryPressure","es:ListDomainNames es:DescribeElasticsearchDomain"
"MSK","CpuUser < 30%","BytesInPerSec < 1MB/s per broker","ActiveControllerCount = 1","Last 14 days","Reduce broker count or downsize broker instance type","30-50%","CpuUser BytesInPerSec BytesOutPerSec MessagesInPerSec","kafka:ListClusters kafka:DescribeCluster"
"EventBridge","Invocations < 100/day","FailedInvocations = 0","Invocations > 0","Last 30 days","Remove unused rules; consolidate event buses","10-20%","Invocations FailedInvocations MatchedEvents","events:ListRules events:ListEventBuses"
"AppFlow","FlowExecutionsStarted < 5/day","FlowExecutionsFailed = 0","FlowExecutionsStarted > 0","Last 30 days","Reduce flow run frequency or consolidate flows","20-40%","FlowExecutionsStarted FlowExecutionsFailed","appflow:ListFlows appflow:DescribeFlow"
"DataSync","BytesTransferred < 1GB/day","TaskExecutionsFailed = 0","TaskExecutionsSucceeded > 0","Last 30 days","Reduce task frequency or consolidate transfer tasks","20-40%","BytesTransferred FilesTransferred TaskExecutionsFailed","datasync:ListTasks datasync:DescribeTask"
"Transfer Family","BytesIn < 100MB/day","BytesOut < 100MB/day","FilesIn > 0","Last 30 days","Consolidate servers or switch to lower-throughput protocol","30-50%","BytesIn BytesOut FilesIn FilesOut","transfer:ListServers transfer:DescribeServer"
"Storage Gateway","CacheHitPercent > 80% but gateway oversized","TotalCacheSize utilization < 40%","IoWaitPercent > 0","Last 14 days","Reduce cache disk size or downgrade gateway VM type","20-40%","CacheHitPercent TotalCacheSize CacheUsed","storagegateway:ListGateways storagegateway:DescribeGatewayInformation"
"Lightsail","CPUUtilization < 30%","NetworkOut < 10MB/day","InstanceState = running","Last 14 days","Downgrade to smaller Lightsail bundle","30-50%","CPUUtilization NetworkIn NetworkOut","lightsail:GetInstances lightsail:GetInstanceMetricData"
"CodeBuild","BuildDuration < 30% of timeout","BuildSucceeded > 0 but compute oversized","BuildSucceeded > 0","Last 30 days","Reduce compute type from build.general1.large to build.general1.medium","20-40%","BuildDuration BuildSucceeded","codebuild:ListProjects codebuild:BatchGetProjects"
"CodePipeline","N/A","N/A","N/A","N/A","Low per-pipeline cost; review inactive pipelines for deletion","5-10%","N/A","codepipeline:ListPipelines"
"CodeDeploy","N/A","N/A","N/A","N/A","Free service for EC2/Lambda; review ECS deployment configs for optimization","N/A","N/A","codedeploy:ListApplications"
"CodeCommit","N/A","N/A","N/A","N/A","Free up to 5 active users; review repository count and active user count","N/A","N/A","codecommit:ListRepositories"
"CodeArtifact","N/A","N/A","N/A","N/A","Review storage usage and request volume; remove unused package versions to reduce storage costs","10-30%","N/A","codeartifact:ListDomains codeartifact:ListRepositories"
"ECR","N/A","N/A","N/A","N/A","Enable lifecycle policies to remove old/untagged images and reduce storage costs","20-50%","N/A","ecr:DescribeRepositories ecr:GetLifecyclePolicy"
"Amplify","N/A","N/A","N/A","N/A","Review unused Amplify apps and branches; delete stale deployments to reduce build and hosting costs","10-30%","N/A","amplify:ListApps amplify:ListBranches"
"Cloud9","N/A","N/A","N/A","N/A","Cloud9 uses underlying EC2; ensure auto-hibernate is enabled to stop EC2 when idle","30-60%","N/A","cloud9:ListEnvironments cloud9:DescribeEnvironments"
"X-Ray","N/A","N/A","N/A","N/A","Reduce sampling rate if trace volume is high; remove unused groups to reduce ingestion costs","20-40%","N/A","xray:GetGroups xray:GetSamplingRules"
"GuardDuty","N/A","N/A","N/A","N/A","Review S3 protection and EKS add-on enablement; disable unused data sources to reduce per-event costs","10-30%","N/A","guardduty:ListDetectors guardduty:GetDetector"
"Macie","N/A","N/A","N/A","N/A","Reduce S3 bucket scope for discovery jobs; lower job frequency for non-sensitive buckets","20-40%","N/A","macie2:ListClassificationJobs macie2:GetMacieSession"
"Security Hub","N/A","N/A","N/A","N/A","Disable unused security standards and integrations to reduce per-finding costs","10-20%","N/A","securityhub:DescribeHub securityhub:GetEnabledStandards"
"Inspector","N/A","N/A","N/A","N/A","Limit scan scope to active workloads; disable ECR scanning for non-critical repositories","10-20%","N/A","inspector2:BatchGetAccountStatus inspector2:ListCoverage"
"Detective","N/A","N/A","N/A","N/A","Review data ingestion volume; disable if GuardDuty findings are low-volume","10-30%","N/A","detective:ListGraphs detective:GetMembers"
"WAF","WafRequestCount < 1000/day per WebACL","BlockedRequests = 0","WafRequestCount > 0","Last 30 days","Remove unused WAF rules and WebACLs; consolidate rule groups","10-30%","WafRequestCount BlockedRequests AllowedRequests","wafv2:ListWebACLs wafv2:GetWebACL"
"Shield","N/A","N/A","N/A","N/A","Shield Advanced has fixed cost; review protected resources and remove unneeded protections","10-20%","N/A","shield:ListProtections shield:DescribeProtection"
"Firewall Manager","N/A","N/A","N/A","N/A","Review policy scope; remove policies covering resources no longer requiring centralized management","10-20%","N/A","fms:ListPolicies fms:GetPolicy"
"Network Firewall","BytesProcessed < 1GB/day","PacketsDropped = 0","FirewallStatus = READY","Last 14 days","Consolidate firewall endpoints or reduce rule group capacity","20-40%","BytesProcessed PacketsProcessed PacketsDropped","network-firewall:ListFirewalls network-firewall:DescribeFirewall"
"Certificate Manager","N/A","N/A","N/A","N/A","Free for public certs; review private CA usage and certificate count to reduce Private CA costs","10-30%","N/A","acm:ListCertificates acm-pca:ListCertificateAuthorities"
"Organizations","N/A","N/A","N/A","N/A","Free service - no cost optimization possible","N/A","N/A","N/A"
"Control Tower","N/A","N/A","N/A","N/A","Free service - costs come from underlying services; review enabled guardrails and account factory usage","N/A","N/A","controltower:ListLandingZones"
"Service Catalog","N/A","N/A","N/A","N/A","Free service - no direct cost; review provisioned products for underlying resource optimization","N/A","N/A","servicecatalog:ListPortfolios servicecatalog:SearchProvisionedProducts"
"License Manager","N/A","N/A","N/A","N/A","Free service - use it to identify and reclaim underused BYOL licenses","N/A","N/A","license-manager:ListLicenseConfigurations"
"Trusted Advisor","N/A","N/A","N/A","N/A","Free service - use it proactively to identify cost optimization opportunities","N/A","N/A","N/A"
"Compute Optimizer","N/A","N/A","N/A","N/A","Free service - use recommendations to rightsize EC2 and Lambda resources","N/A","N/A","compute-optimizer:GetEC2InstanceRecommendations"
"Cost Explorer","N/A","N/A","N/A","N/A","Free service - no cost optimization needed","N/A","N/A","N/A"
"Budgets","N/A","N/A","N/A","N/A","Minimal cost per budget; review and consolidate unused budget alerts","N/A","N/A","budgets:DescribeBudgets"
"Grafana","ActiveEditorCount < 2","DashboardCount > 20 with low views","ActiveEditorCount > 0","Last 30 days","Downgrade workspace tier from Enterprise to Standard if editor count is low","30-50%","N/A","grafana:ListWorkspaces grafana:DescribeWorkspace"
"Prometheus","ActiveSeries < 50% of ingestion limit","DataIngested < 1M samples/day","DataIngested > 0","Last 30 days","Reduce scrape interval or metric cardinality to lower ingestion costs","30-50%","N/A","aps:ListWorkspaces aps:DescribeWorkspace"
"DevOps Guru","N/A","N/A","N/A","N/A","Review resource analysis coverage; reduce scope to critical services only to lower per-resource costs","10-30%","N/A","devops-guru:ListMonitoredResources devops-guru:DescribeServiceIntegration"
"Resilience Hub","N/A","N/A","N/A","N/A","Free service - review app assessment frequency to avoid unnecessary assessment runs","N/A","N/A","resiliencehub:ListApps"
"Fault Injection Simulator","N/A","N/A","N/A","N/A","Pay-per-use service; no ongoing underutilization - ensure experiments are stopped after completion","N/A","N/A","fis:ListExperiments fis:GetExperiment"
"Incident Manager","N/A","N/A","N/A","N/A","Review replication set and response plan count; consolidate plans to reduce per-contact costs","5-10%","N/A","ssm-incidents:ListResponsePlans ssm-incidents:ListIncidentRecords"
"FinSpace","ComputeNodeCount > minimum","DataViewCount low","DataViewCount > 0","Last 30 days","Reduce environment compute node count or delete unused datasets","30-50%","N/A","finspace:ListEnvironments finspace:GetEnvironment"
"HealthLake","DatastoreStatus = ACTIVE with low query volume","QueryVolume < 10/day","DatastoreStatus = ACTIVE","Last 30 days","Delete unused datastores; optimize FHIR query patterns to reduce costs","30-50%","N/A","healthlake:ListFHIRDatastores healthlake:DescribeFHIRDatastore"
"HealthOmics","StorageType = REFERENCE with low access","SequenceStoreFiles rarely accessed","StorageBytes > 0","Last 30 days","Move infrequently accessed genomic data to archive tier","40-60%","N/A","omics:ListSequenceStores omics:ListReferenceStores"
"HealthImaging","ImageSetCount > 0 with low retrieval rate","RetrievalRequests < 1/day","ImageSetCount > 0","Last 30 days","Enable tiered storage for infrequently accessed image sets","30-50%","N/A","medical-imaging:ListDatastores"
"Clean Rooms","CollaborationStatus = ACTIVE with few queries","NumberOfQueries < 5/day","CollaborationStatus = ACTIVE","Last 30 days","Remove unused collaborations; reduce membership count","20-40%","N/A","cleanrooms:ListCollaborations cleanrooms:ListMemberships"
"Entity Resolution","WorkflowExecutions < 2/week","RecordsProcessed < 10000/run","WorkflowExecutions > 0","Last 30 days","Reduce workflow execution frequency; optimize matching rules","20-40%","N/A","entityresolution:ListMatchingWorkflows"
"Data Exchange","SubscriptionCount > 0 with low API calls","RevisionCount rarely updated","SubscriptionCount > 0","Last 30 days","Cancel unused data subscriptions to eliminate per-subscription fees","40-80%","N/A","dataexchange:ListDataSets dataexchange:ListSubscriptions"
"Data Firehose","IncomingBytes < 1MB/hour","DeliveryToS3.DataFreshness low","IncomingRecords > 0","Last 14 days","Remove unused delivery streams; consolidate streams with similar destinations","20-40%","IncomingBytes IncomingRecords DeliveryToS3.DataFreshness","firehose:ListDeliveryStreams firehose:DescribeDeliveryStream"
"Pinpoint","MessagesSent < 100/day","NumberOfEndpoints low relative to provisioned","MessagesSent > 0","Last 30 days","Reduce dedicated short code or long code count; use shared origination numbers","20-40%","MessagesSent DeliveryRate","pinpoint:GetApps pinpoint:GetApplicationSettings"
"Simple Email Service","Send < 10% of sending limit","BounceRate low","DeliveryAttempts > 0","Last 30 days","Reduce dedicated IP count if sending volume is below 100k/day per IP","30-50%","Send Bounce Complaint DeliveryAttempts","ses:GetSendStatistics ses:GetSendQuota"
"Chime","N/A","N/A","N/A","N/A","Pay-per-use for most features; review Pro license count and remove unused user licenses","20-40%","N/A","chime:ListAccounts chime:ListUsers"
"Connect","ActiveInstances with low concurrent contact volume","ConcurrentCalls < 20% of service limit","ContactsHandled > 0","Last 14 days","Reduce agent count during off-peak; optimize IVR to reduce agent minutes","20-40%","ContactsHandled ConcurrentCalls AverageHandleTime","connect:ListInstances connect:GetCurrentMetricData"
"WorkDocs","N/A","N/A","N/A","N/A","Review active user count; remove inactive users to reduce per-user storage costs","20-40%","N/A","workdocs:DescribeUsers workdocs:DescribeInstances"
"WorkMail","N/A","N/A","N/A","N/A","Remove inactive mailboxes; each user mailbox costs $4/month","80-100%","N/A","workmail:ListOrganizations workmail:ListUsers"
"GameLift","EC2UtilizationPercentage < 30%","ActiveInstances > minimum desired","ActiveInstances > 0","Last 14 days","Reduce fleet minimum instance count; enable auto-scaling with appropriate target utilization","30-50%","EC2UtilizationPercentage ActiveInstances AvailableGameSessions","gamelift:ListFleets gamelift:DescribeFleetUtilization"
"Managed Blockchain","StorageUsed < 20% of provisioned","PeerNodeCount > minimum","PeerNodeCount > 0","Last 30 days","Reduce peer node count or instance type; remove unused member networks","30-50%","StorageUsed CPUUtilization","managedblockchain:ListNetworks managedblockchain:ListMembers"
"Ground Station","ContactsScheduled < 2/week","AntennaDownlinkSeconds low","ContactsScheduled > 0","Last 30 days","Reduce reserved contact time; use on-demand contacts instead of reserved","30-50%","N/A","groundstation:ListContacts groundstation:ListGroundStations"
"IoT Core","MessagesPublished < 1000/day","ConnectedDevices < 50% of registered","MessagesPublished > 0","Last 14 days","Reduce message broker tier; optimize device shadow update frequency","20-40%","MessagesPublished Connect Disconnect","iot:ListThings iot:DescribeEndpoint"
"IoT Analytics","MessagesProcessed < 1000/day","DatasetContentDeliverySucceeded low","MessagesProcessed > 0","Last 30 days","Reduce channel retention period; lower dataset query frequency","30-50%","N/A","iotanalytics:ListChannels iotanalytics:ListDatasets"
"IoT Greengrass","ComponentsDeployed > minimum needed","CoreDeviceCount low relative to licensed","CoreDeviceCount > 0","Last 30 days","Remove unused components from deployments; reduce core device count","20-40%","N/A","greengrassv2:ListCoreDevices greengrassv2:ListDeployments"
"IoT SiteWise","AssetsModelCount > active use","DataIngested < 100 data points/hour","DataIngested > 0","Last 14 days","Remove unused asset models; reduce measurement sampling rate","20-40%","N/A","iotsitewise:ListAssets iotsitewise:ListPortals"
"Lookout for Equipment","ModelCount > active models","InferenceSchedulerCount > active use","InferenceSchedulerStatus = RUNNING","Last 30 days","Stop unused inference schedulers; delete inactive model versions","30-60%","N/A","lookoutequipment:ListModels lookoutequipment:ListInferenceSchedulers"
"Kendra","IndexStorageCapacityUnits > 1 with low query volume","QueryCount < 50/day","IndexStatus = ACTIVE","Last 30 days","Reduce index capacity units; use Developer Edition for low-volume use cases","40-60%","IndexQueryCount IndexDocumentCount","kendra:ListIndices kendra:DescribeIndex"
"Lex","MissedUtteranceCount high (poor design)","RequestCount < 100/day","RequestCount > 0","Last 30 days","Consolidate bot intents; reduce provisioned throughput for low-volume bots","20-40%","MissedUtteranceCount RequestCount RuntimeRequestCount","lex:ListBots lexv2-runtime:RecognizeText"
"Polly","RequestCharacters < 100000/month","SynthesizeSpeech calls < 50/day","RequestCharacters > 0","Last 30 days","Cache synthesized audio output for repeated text to reduce API call costs","30-50%","RequestCharacters","polly:ListLexicons polly:DescribeVoices"
"Transcribe","TotalTranscribedSeconds < 1 hour/day","TranscriptionJobsCompleted < 5/day","TranscriptionJobsCompleted > 0","Last 30 days","Use batch transcription instead of streaming for non-real-time workloads","20-40%","TotalTranscribedSeconds","transcribe:ListTranscriptionJobs"
"Translate","CharactersTranslated < 100000/day","TranslationJobsCompleted < 5/day","CharactersTranslated > 0","Last 30 days","Implement client-side caching for repeated translations to reduce API costs","20-40%","CharactersTranslated","translate:ListTerminologies"
"Comprehend","DocumentsClassified < 1000/day","EntityRecognitionJobs < 3/day","DocumentsClassified > 0","Last 30 days","Use batch endpoint for non-real-time analysis; remove unused custom model endpoints","30-50%","N/A","comprehend:ListEndpoints comprehend:ListDocumentClassifiers"
"Rekognition","APICallCount < 1000/day","ImagesAnalyzed < 500/day","APICallCount > 0","Last 30 days","Reduce image resolution before submission; use batch operations","20-40%","N/A","rekognition:ListCollections rekognition:ListStreamProcessors"
"Textract","PagesProcessed < 100/day","AsyncJobsCompleted < 5/day","PagesProcessed > 0","Last 30 days","Use AnalyzeDocument instead of StartDocumentAnalysis for small documents","20-30%","N/A","textract:GetDocumentAnalysis"
"Forecast","DatasetGroupCount > active use","ForecastExportCount < 1/week","ForecastExportCount > 0","Last 30 days","Delete unused predictor and forecast resources; reduce auto-predictor training frequency","30-50%","N/A","forecast:ListDatasets forecast:ListPredictors"
"Personalize","SolutionVersionCount > 1","CampaignMinTPS < actual TPS","CampaignStatus = ACTIVE","Last 30 days","Reduce campaign minProvisionedTPS to match actual request rate","40-60%","N/A","personalize:ListCampaigns personalize:DescribeCampaign"
"Fraud Detector","ModelVersionCount > active use","EventIngestionRate < 100/day","EventIngestionRate > 0","Last 30 days","Remove unused model versions; reduce detector rule complexity","20-40%","N/A","frauddetector:GetDetectors frauddetector:GetModels"
"Bedrock","ModelInvocations < 100/day","InputTokens < 50000/day","ModelInvocations > 0","Last 30 days","Switch to on-demand pricing from provisioned throughput if usage is low","40-60%","N/A","bedrock:ListFoundationModels bedrock:GetProvisionedModelThroughput"
"SageMaker","CPUUtilization < 30% on notebook instance","MemoryUtilization < 40%","KernelGatewayAppStatus = InService","Last 14 days","Stop notebook instances when not in use; use SageMaker Studio instead of dedicated instances","40-70%","CPUUtilization MemoryUtilization DiskUtilization","sagemaker:ListNotebookInstances sagemaker:DescribeNotebookInstance"
"Batch","CPUUtilization < 40% on compute environment","vCPUSeconds low relative to provisioned","NumberOfJobsRunning > 0","Last 14 days","Reduce maxvCpus in compute environment; use Spot instances for fault-tolerant jobs","40-60%","CPUUtilization MemoryUtilization","batch:DescribeComputeEnvironments batch:ListJobs"
"Managed Apache Airflow","SchedulerCPUUsage < 30%","WorkerCount > 1 with low DAG run frequency","TaskSuccess > 0","Last 14 days","Reduce worker count or downgrade environment class (mw1.small vs mw1.medium)","30-50%","SchedulerCPUUsage WorkerCount QueuedTasks","airflow:ListEnvironments airflow:GetEnvironment"
"Managed Apache Flink","CPUUtilization < 30%","KPUs provisioned > actual parallelism needs","FullRestarts = 0","Last 14 days","Reduce KPU count or parallelism setting to match throughput requirements","30-50%","CPUUtilization HeapMemoryUtilization KPUsBilled","kinesisanalytics:ListApplications kinesisanalyticsv2:DescribeApplication"
"Deadline Cloud","FleetCapacity > active render jobs","WorkerCount > minimum needed","WorkerCount > 0","Last 14 days","Enable auto-scaling for render fleets; use Spot capacity for burst rendering","30-60%","N/A","deadline:ListFarms deadline:ListFleets"
"IoT Device Management","FleetIndexingServiceEnabled with few queries","ThingGroupCount > active use","ThingCount > 0","Last 30 days","Disable fleet indexing if query frequency is low; reduce thing group complexity","10-30%","N/A","iot:DescribeIndex iot:ListThingGroups"
"IoT Device Defender","AuditFrequency = DAILY with stable fleet","ViolationCount = 0","AuditTaskStatus = COMPLETED","Last 30 days","Switch from daily to weekly audits if violation count is consistently zero","10-20%","N/A","iot:DescribeAccountAuditConfiguration iot:ListAuditTasks"
"IoT Events","DetectorModelCount > active use","InputMessageCount < 100/day","InputMessageCount > 0","Last 30 days","Remove unused detector models; consolidate input routing","20-40%","N/A","iotevents:ListDetectorModels iotevents:ListInputs"
"IoT FleetWise","VehicleCount > active vehicles","SignalCatalogCount > 1","DataCollectionRate > 0","Last 30 days","Reduce signal collection frequency; remove unused campaigns","20-40%","N/A","iotfleetwise:ListVehicles iotfleetwise:ListCampaigns"
"IoT TwinMaker","WorkspaceCount > 1","SceneCount low relative to provisioned","WorkspaceStatus = ACTIVE","Last 30 days","Consolidate workspaces; remove unused entity components","20-40%","N/A","iottwinmaker:ListWorkspaces iottwinmaker:ListEntities"
"Monitron","ProjectCount > active projects","SensorCount > active sensors","SensorStatus = RUNNING","Last 30 days","Remove unused sensors; consolidate projects to reduce per-sensor costs","20-40%","N/A","monitron:ListProjects"
"Panorama","DeviceCount > active deployments","ModelPackageCount > active use","DeviceStatus = ONLINE","Last 30 days","Remove unused model packages; consolidate device deployments","20-40%","N/A","panorama:ListDevices panorama:ListApplicationInstances"
"Comprehend Medical","MedicalEntitiesExtracted < 100/day","InferICD10CMJobsCompleted < 5/day","MedicalEntitiesExtracted > 0","Last 30 days","Batch medical NLP jobs instead of real-time; cache results for repeated documents","20-40%","N/A","comprehendmedical:ListICD10CMInferenceJobs"
"Augmented AI","HumanLoopCount < 10/day","WorkforceType = PRIVATE with low task count","HumanLoopStatus = Completed","Last 30 days","Reduce confidence threshold to decrease human review rate; use public workforce for lower cost","30-50%","N/A","sagemaker-a2i-runtime:ListHumanLoops"
"Bedrock AgentCore","AgentInvocations < 50/day","MemoryStorageUsed < 20% of allocated","AgentInvocations > 0","Last 30 days","Remove unused agent aliases; reduce session TTL to free memory storage","20-40%","N/A","bedrock-agent:ListAgents bedrock-agent:GetAgent"
"Q Business","ApplicationStatus = ACTIVE with low queries","IndexedDocumentCount > active query needs","QueryCount > 0","Last 30 days","Reduce index capacity units; remove unused data source connectors","30-50%","N/A","qbusiness:ListApplications qbusiness:GetApplication"
"Q Developer","N/A","N/A","N/A","N/A","Review active Pro tier seats; remove unused developer licenses to reduce per-seat costs","20-40%","N/A","codewhisperer:ListProfiles"
"Nova Act","N/A","N/A","N/A","N/A","Pay-per-use API service; no ongoing underutilization - review API call volume for cost optimization","N/A","N/A","N/A"
"Amazon Q","N/A","N/A","N/A","N/A","Review Q Business and Q Developer seat counts; remove inactive user subscriptions","20-40%","N/A","N/A"
"DevOps Agent","N/A","N/A","N/A","N/A","Preview/new service - review active agent task runs and optimize workflow frequency","N/A","N/A","N/A"
"Service Quotas","N/A","N/A","N/A","N/A","Free service - no cost optimization possible","N/A","N/A","N/A"
"Resource Access Manager","N/A","N/A","N/A","N/A","Free service - review shared resources to ensure RAM shares are actively used","N/A","N/A","ram:ListResources ram:ListResourceShares"
"Resource Explorer","N/A","N/A","N/A","N/A","Free service - use to identify underutilized resources across regions","N/A","N/A","resource-explorer-2:ListViews"
"Infrastructure Composer","N/A","N/A","N/A","N/A","Free console tool - no billable resources","N/A","N/A","N/A"
"Serverless Application Repository","N/A","N/A","N/A","N/A","Free service - costs come from deployed serverless applications; optimize underlying Lambda/API GW","N/A","N/A","serverlessrepo:ListApplications"
"Proton","N/A","N/A","N/A","N/A","Free service - costs come from provisioned infrastructure; review deployed service instances","N/A","N/A","proton:ListServices proton:ListServiceInstances"
"Data Transfer Terminal","N/A","N/A","N/A","N/A","Review data transfer volumes and routes; consolidate transfer paths to reduce per-GB costs","10-30%","N/A","N/A"
"Supply Chain","InstanceCount > minimum","DataIngestionRate < 10% of capacity","DataIngestionRate > 0","Last 30 days","Downgrade instance type or reduce data pipeline frequency","30-50%","N/A","scn:ListInstances"
"Partner Central","N/A","N/A","N/A","N/A","Free service - no cost optimization possible","N/A","N/A","N/A"
"Payment Cryptography","KeyCount > active use","CryptographicOperations < 100/day","CryptographicOperations > 0","Last 30 days","Delete unused cryptographic keys; consolidate key usage","30-50%","N/A","payment-cryptography:ListKeys"
"Verified Permissions","PolicyStoreCount > 1","AuthorizationRequests < 100/day","AuthorizationRequests > 0","Last 30 days","Consolidate policy stores; remove redundant policies","10-20%","N/A","verifiedpermissions:ListPolicyStores"
"User Notifications","N/A","N/A","N/A","N/A","Free service - no cost optimization possible","N/A","N/A","N/A"
"End User Messaging","MessagesSent < 100/day","PhoneNumberCount > active campaigns","MessagesSent > 0","Last 30 days","Release unused phone numbers; consolidate messaging origination pools","20-40%","N/A","sms-voice:ListPhoneNumbers"
"Chime SDK","N/A","N/A","N/A","N/A","Pay-per-use for meetings and messaging; review active SDK application count and usage","10-20%","N/A","chime:ListVoiceConnectors chime:ListSipMediaApplications"
"WorkSpaces Applications","N/A","N/A","N/A","N/A","Review active application bundle count; remove unused application assignments","10-20%","N/A","workspaces-web:ListPortals"
"WorkSpaces Secure Browser","ActivePortals > minimum use","UserSessionCount < 10/day","UserSessionCount > 0","Last 14 days","Reduce portal count; switch to lower-capacity instance type","20-40%","N/A","workspaces-web:ListPortals workspaces-web:GetPortal"
"WorkSpaces Thin Client","DeviceCount > active users","SoftwareSetCount > 2","DeviceStatus = REGISTERED","Last 30 days","Remove unused device registrations; consolidate software sets","20-40%","N/A","thinclient:ListEnvironments thinclient:ListDevices"
"Red Hat OpenShift Service on AWS","CPUUtilization < 30%","MemoryUtilization < 40%","NodeCount > 0","Last 14 days","Reduce worker node count or downsize instance type; use auto-scaling","30-50%","CPUUtilization MemoryUtilization","rosa:ListClusters ec2:DescribeInstances"
"Elastic VMware Service","VMCPUUsage < 30%","VMMemoryUsage < 40%","VMPowerState = on","Last 14 days","Reduce vSAN cluster size or consolidate VMs; use smaller host instance types","30-50%","N/A","ec2:DescribeInstances"
"Oracle Database@AWS","CPUUtilization < 40%","DatabaseConnections < 20% of max","DatabaseConnections > 0","Last 14 days","Reduce OCPU count or storage allocation; switch to lower-tier service level","30-50%","CPUUtilization DatabaseConnections","odb:ListDbNodes odb:ListCloudVmClusters"
"Outposts","ServerUtilization < 30%","StorageUtilization < 40%","InstanceCount > 0","Last 14 days","Consolidate workloads onto Outpost; reduce Outpost rack count for small workloads","20-40%","N/A","outposts:ListOutposts outposts:GetOutpost"
"One Enterprise","N/A","N/A","N/A","N/A","Enterprise support program - review included services for cost optimization opportunities","N/A","N/A","N/A"
"Wickr","N/A","N/A","N/A","N/A","Review active user license count; remove inactive users to reduce per-seat costs","20-40%","N/A","wickr:ListNetworks"
"SimSpace Weaver","SimulationCPUUtilization < 40%","SimulationCount > active workloads","SimulationStatus = STARTED","Last 14 days","Stop unused simulations; reduce app count per simulation","30-50%","N/A","simspaceweaver:ListSimulations simspaceweaver:DescribeSimulation"
"Parallel Computing Service","ClusterCPUUtilization < 40%","JobQueueDepth low","JobSucceeded > 0","Last 14 days","Reduce compute node count; use Spot instances for parallel job arrays","30-60%","N/A","pcs:ListClusters pcs:ListComputeNodeGroups"
"Telco Network Builder","NetworkFunctionCount > active deployments","VNFCPUUtilization < 30%","NetworkFunctionStatus = INSTANTIATED","Last 14 days","Terminate unused network function deployments; consolidate VNF instances","30-50%","N/A","tnb:ListSolNetworkInstances tnb:ListSolFunctionInstances"
"Braket","TasksCompleted < 5/week","QuantumTaskCost < $10/week","TasksCompleted > 0","Last 30 days","Use simulator instead of quantum hardware for testing; batch quantum tasks","30-50%","N/A","braket:GetQuantumTask braket:SearchQuantumTasks"
"Signer","N/A","N/A","N/A","N/A","Pay-per-signing job; no ongoing underutilization - review signing job frequency","N/A","N/A","signer:ListSigningJobs"
"Artifact","N/A","N/A","N/A","N/A","Free service - no cost optimization possible","N/A","N/A","N/A"
"Audit Manager","FrameworkCount > active assessments","AssessmentCount > 1 with low evidence collection","AssessmentStatus = ACTIVE","Last 30 days","Reduce active assessment count; consolidate frameworks","10-20%","N/A","auditmanager:ListAssessments auditmanager:ListFrameworks"
"Billing Conductor","N/A","N/A","N/A","N/A","Free service - no cost optimization possible","N/A","N/A","N/A"
"B2B Data Interchange","TransformationJobCount < 5/day","ConnectorCount > active partners","TransformationJobCount > 0","Last 30 days","Reduce connector count; consolidate B2B partnerships onto shared profiles","20-40%","N/A","b2bi:ListTransformers b2bi:ListCapabilities"
"Auto Scaling","N/A","N/A","N/A","N/A","Free service - use it to eliminate overprovisioned static fleets; review scaling policies for tighter bounds","N/A","N/A","autoscaling:DescribeAutoScalingGroups"
"SWF","WorkflowExecutionCount < 10/day","ActivityTaskCount low","OpenWorkflowExecutions > 0","Last 30 days","Migrate to Step Functions for lower cost and better managed service pricing","20-40%","N/A","swf:ListDomains swf:ListOpenWorkflowExecutions"
"CloudShell","N/A","N/A","N/A","N/A","Free service - no cost optimization possible","N/A","N/A","N/A"
"CloudSearch","IndexDocumentCount > active search queries","SearchRequests < 10/hour","SearchRequests > 0","Last 14 days","Migrate to OpenSearch or reduce search instance count","30-50%","SearchRequests IndexableDocuments","cloudsearch:DescribeDomains"
"CloudHSM","HSMCount > 2 with low crypto operations","CryptoOperationsPerSecond < 10","HSMState = ACTIVE","Last 14 days","Reduce HSM cluster size to minimum 2 for HA; review if CloudHSM is required vs KMS","30-50%","N/A","cloudhsm:DescribeClusters cloudhsmv2:DescribeBackups"
"Cloud Map","NamespaceCount > 1 with low discovery calls","ServiceDiscoveryCallCount < 100/day","ServiceDiscoveryCallCount > 0","Last 30 days","Consolidate namespaces; remove unused services from service registry","10-20%","N/A","servicediscovery:ListNamespaces servicediscovery:ListServices"
"Directory Service","CPUUtilization < 30%","LDAPSearchesPerSec < 10","DirectoryStatus = Active","Last 14 days","Downgrade from Enterprise Edition to Standard Edition for smaller workloads","30-50%","N/A","ds:DescribeDirectories"
"Elastic Transcoder","JobsCompleted < 5/day","PipelineCount > 1","JobsCompleted > 0","Last 30 days","Migrate to AWS Elemental MediaConvert for better pricing; consolidate pipelines","20-40%","N/A","elastictranscoder:ListPipelines elastictranscoder:ListJobsByStatus"
"Elastic Disaster Recovery","LaunchTemplateCount > active recovery plans","DrillCount = 0","SourceServerStatus = READY","Last 30 days","Remove unused source servers from replication; reduce replication lag check frequency","20-40%","N/A","drs:DescribeSourceServers drs:DescribeRecoveryInstances"
"Identity Center","N/A","N/A","N/A","N/A","Free service - review permission set and account assignment count for governance","N/A","N/A","sso-admin:ListInstances sso-admin:ListPermissionSets"
"Global Accelerator","AcceleratorCount > active endpoints","NewFlowCount < 100/day","HealthyEndpointCount > 0","Last 14 days","Remove unused accelerators; consolidate endpoints","20-40%","NewFlowCount ProcessedBytesOut","globalaccelerator:ListAccelerators"
"Global View","N/A","N/A","N/A","N/A","Free service - no cost optimization possible","N/A","N/A","N/A"
"Recycle Bin","RetentionRuleCount > 5","ResourcesProtected rarely recovered","RetentionRuleStatus = available","Last 90 days","Reduce retention period length; consolidate retention rules","10-20%","N/A","rbin:ListRules"
"RTB Fabric","N/A","N/A","N/A","N/A","Review active bid request volume; optimize bid response rate to reduce processing costs","10-20%","N/A","N/A"
"CodeCatalyst","N/A","N/A","N/A","N/A","Review active space and project count; remove inactive projects and spaces","10-20%","N/A","codecatalyst:ListSpaces codecatalyst:ListProjects"
"Console Home","N/A","N/A","N/A","N/A","Console UI - no billable resources","N/A","N/A","N/A"
"Security Agent","N/A","N/A","N/A","N/A","Review agent deployment scope; disable on non-critical instances to reduce per-instance costs","10-20%","N/A","N/A"
"Security Hub CSPM","N/A","N/A","N/A","N/A","Reduce finding ingestion scope; disable unused CSPM standards to lower per-check costs","10-20%","N/A","securityhub:GetEnabledStandards"
"Security Incident Response","N/A","N/A","N/A","N/A","Review active incident case count; close resolved cases promptly to reduce per-case costs","5-10%","N/A","N/A"
"Security Lake","StorageBytes > 0 with low query frequency","QueryCount < 5/day","StorageBytes > 0","Last 30 days","Reduce source log ingestion scope; set lifecycle policies for older security data","30-50%","N/A","securitylake:ListDataLakes securitylake:ListSubscribers"
"Private Certificate Authority","CertificatesIssued < 10/month","CAStatus = ACTIVE but low utilization","CertificatesIssued > 0","Last 30 days","Delete unused CAs; consolidate to fewer subordinate CAs ($400/month per active CA)","50-80%","N/A","acm-pca:ListCertificateAuthorities acm-pca:GetCertificateAuthorityCertificate"
"S3 Glacier","RetrievalRequests < 1/month","StorageBytes not growing","StorageBytes > 0","Last 90 days","Use S3 Intelligent-Tiering or Deep Archive for lower storage costs; optimize retrieval class","30-60%","N/A","glacier:ListVaults glacier:DescribeVault"
"MQ","CPUUtilization < 30%","MessageCount < 100/hour","NetworkIn > 0","Last 14 days","Downsize broker instance type or switch to single-instance broker for dev/test","30-50%","CPUUtilization NetworkIn MessageCount","mq:ListBrokers mq:DescribeBroker"
"Aurora DSQL","ComputeCapacity > minimum","QueryCount < 50/day","QueryCount > 0","Last 14 days","Reduce ACU range; use serverless pause feature during inactivity periods","30-50%","N/A","dsql:ListClusters dsql:GetCluster"
"Activate","N/A","N/A","N/A","N/A","AWS startup program - no optimization applicable","N/A","N/A","N/A"
"App Mesh","VirtualNodeCount > active services","EnvoyProxyCPUUsage < 10%","MeshStatus = ACTIVE","Last 14 days","Remove unused virtual nodes and routes; simplify mesh topology","10-20%","EnvoyUpstreamRq EnvoyCPUUtilization","appmesh:ListMeshes appmesh:ListVirtualNodes"
"App Runner","CPUUtilization < 30%","RequestCount < 100/hour","ActiveInstances > 0","Last 14 days","Reduce vCPU and memory configuration; lower min instance count","30-50%","CPUUtilization MemoryUtilization RequestCount","apprunner:ListServices apprunner:DescribeService"
"App Studio","N/A","N/A","N/A","N/A","Low-code tool - review active app count and user licenses","N/A","N/A","N/A"
"AppConfig","DeploymentCount < 2/week","ConfigurationProfileCount > active deployments","DeploymentStatus = COMPLETE","Last 30 days","Consolidate configuration profiles; reduce deployment frequency","5-10%","N/A","appconfig:ListApplications appconfig:ListConfigurationProfiles"
"AppFabric","ConnectorCount > active integrations","NormalizedEventCount < 1000/day","NormalizedEventCount > 0","Last 30 days","Remove unused app authorizations; reduce ingestion connector count","20-40%","N/A","appfabric:ListAppBundles"
"AppSync","4XXError rate high with low request volume","RequestCount < 100/day","RequestCount > 0","Last 14 days","Remove unused resolvers; reduce caching TTL or disable cache for low-traffic APIs","20-40%","4XXError 5XXError Latency RequestCount","appsync:ListGraphqlApis appsync:GetGraphqlApi"
"Application Discovery Service","N/A","N/A","N/A","N/A","Free service - review discovery agent deployment and ensure data is being used for migration planning","N/A","N/A","discovery:ListConfigurations discovery:DescribeAgents"
"Application Migration Service","SourceServerCount > active migrations","DataReplicationStatus = INITIATING for long period","SourceServerStatus = READY","Last 30 days","Terminate completed migration source servers; reduce replication lag check frequency","20-40%","N/A","mgn:DescribeSourceServers mgn:DescribeReplicationConfigurationTemplates"
"Billing","N/A","N/A","N/A","N/A","Free service - no cost optimization possible","N/A","N/A","N/A"
"CloudWatch Evidently","FeatureCount > active experiments","ExperimentCount = 0","FeatureStatus = AVAILABLE","Last 30 days","Remove unused features and experiments; consolidate feature flag management","10-20%","N/A","evidently:ListProjects evidently:ListFeatures"
"CloudWatch Logs","IncomingBytes < 1MB/day per log group","RetentionInDays = never expire","IncomingBytes > 0","Last 30 days","Set retention policies on all log groups; move to S3 for long-term archival","50-70%","IncomingBytes IncomingLogEvents StoredBytes","logs:DescribeLogGroups logs:DescribeMetricFilters"
"CloudWatch Logs Insights","N/A","N/A","N/A","N/A","Pay-per-query based on data scanned; optimize queries to reduce scanned bytes","20-40%","N/A","logs:StartQuery logs:GetQueryResults"
"CloudWatch RUM","AppMonitorCount > active web apps","EventsRecorded < 100/day","EventsRecorded > 0","Last 30 days","Remove unused app monitors; reduce sampling rate for high-traffic apps","20-40%","N/A","rum:ListAppMonitors rum:GetAppMonitor"
"CloudWatch Synthetics","CanaryCount > active endpoints","CanaryRunsFailed > 10% of runs","CanaryRunsSucceeded > 0","Last 14 days","Reduce canary run frequency; consolidate canaries testing same endpoints","20-40%","N/A","synthetics:DescribeCanaries synthetics:GetCanaryRuns"
"Cost and Usage Reports","N/A","N/A","N/A","N/A","Free service - review report delivery frequency and granularity for storage optimization","N/A","N/A","cur:DescribeReportDefinitions"
"DataZone","DomainCount > 1","AssetPublishCount < 5/week","DomainStatus = AVAILABLE","Last 30 days","Consolidate data domains; remove unused projects and environments","20-40%","N/A","datazone:ListDomains datazone:ListProjects"
"Database Migration Service","ReplicationInstanceClass oversized","FullLoadRows low relative to instance capacity","ReplicationInstanceStatus = available","Last 14 days","Downsize replication instance class; delete unused replication instances after migration","30-50%","CDCIncomingChanges FreeableMemory CPUUtilization","dms:DescribeReplicationInstances dms:DescribeReplicationTasks"
"Elemental Appliances & Software","N/A","N/A","N/A","N/A","On-premises hardware - review utilization reports and consolidate encoding workloads","20-40%","N/A","N/A"
"Elemental MediaConnect","ActiveFlows with low bitrate","OutputCount > active destinations","FlowStatus = ACTIVE","Last 14 days","Reduce output count; downgrade flow entitlement bandwidth","20-40%","N/A","mediaconnect:ListFlows mediaconnect:DescribeFlow"
"Elemental MediaConvert","JobsCompleted < 10/day","QueueUtilization < 30%","JobsCompleted > 0","Last 30 days","Use on-demand queues instead of reserved queues for low-volume transcoding","20-40%","N/A","mediaconvert:ListJobs mediaconvert:DescribeQueue"
"Elemental MediaLive","ChannelState = RUNNING with low input bitrate","InputLossSeconds > 10% of runtime","ChannelState = RUNNING","Last 14 days","Stop channels when not actively streaming; use standard vs premium input types","30-50%","N/A","medialive:ListChannels medialive:DescribeChannel"
"Elemental MediaPackage","OriginEndpointCount > active CDN distributions","EgressBytes < 1GB/day","EgressBytes > 0","Last 14 days","Remove unused origin endpoints; consolidate packaging configurations","20-40%","EgressBytes","mediapackage:ListChannels mediapackage:ListOriginEndpoints"
"Elemental MediaStore","ObjectCount > 0 with low access","GetRequestsCount < 10/day","PutRequestsCount > 0","Last 30 days","Apply lifecycle policies; use S3 instead for non-live media storage","30-50%","GetRequestsCount PutRequestsCount BytesUploaded","mediastore:ListContainers mediastore:GetContainerPolicy"
"Elemental MediaTailor","ChannelCount > active broadcasts","AdDecisionServerErrors > 5%","SessionInitializationRequests > 0","Last 14 days","Remove unused channels and source locations; optimize ad insertion configuration","20-40%","N/A","mediatailor:ListChannels mediatailor:ListPlaybackConfigurations"
"Glue DataBrew","ProfileJobCount > active datasets","RecipeJobCount < 1/week","RecipeJobStatus = SUCCEEDED","Last 30 days","Remove unused datasets and recipe jobs; reduce profiling frequency","20-40%","N/A","databrew:ListJobs databrew:ListDatasets"
"Health Dashboard","N/A","N/A","N/A","N/A","Free service - no cost optimization possible","N/A","N/A","N/A"
"IQ","N/A","N/A","N/A","N/A","AWS marketplace service - no optimization applicable","N/A","N/A","N/A"
"Interactive Video Service","ChannelCount > 1 with low viewer count","ConcurrentViewers < 10","IngestVideoFramerate > 0","Last 14 days","Switch to Basic channel type for low-latency use cases; reduce stream resolution","20-40%","IngestVideoFramerate ConcurrentViewers LiveDeliveredTime","ivs:ListChannels ivs:GetChannel"
"Kinesis Video Streams","PutMedia.IncomingBytes < 1GB/day","GetMedia.OutgoingBytes low","PutMedia.Requests > 0","Last 14 days","Reduce stream retention period; lower media fragment duration","30-50%","PutMedia.IncomingBytes GetMedia.OutgoingBytes","kinesisvideo:ListStreams kinesisvideo:DescribeStream"
"Lake Formation","N/A","N/A","N/A","N/A","Free service - costs come from underlying Glue and S3; review catalog usage and permissions","N/A","N/A","lakeformation:ListResources lakeformation:GetDataLakeSettings"
"Launch Wizard","N/A","N/A","N/A","N/A","Free service - costs come from deployed resources; review and rightsize deployed application resources","N/A","N/A","launchwizard:ListDeployments"
"Mainframe Modernization","RuntimeEnvironmentCPUUtilization < 30%","ApplicationCount > active workloads","RuntimeEnvironmentStatus = Ready","Last 14 days","Reduce runtime environment capacity units; remove unused application deployments","30-50%","N/A","m2:ListEnvironments m2:ListApplications"
"Marketplace","N/A","N/A","N/A","N/A","Review active SaaS and AMI subscriptions; cancel unused third-party product subscriptions","20-60%","N/A","aws-marketplace:DescribeEntity"
"Parameter Store","N/A","N/A","N/A","N/A","Review Advanced parameter count; downgrade to Standard tier for parameters not requiring high throughput","30-50%","N/A","ssm:DescribeParameters ssm:GetParametersByPath"
"Personal Health Dashboard","N/A","N/A","N/A","N/A","Free service - no cost optimization possible","N/A","N/A","N/A"
"Resource Groups","N/A","N/A","N/A","N/A","Free service - use resource groups to identify and tag underutilized resources across services","N/A","N/A","resource-groups:ListGroups"
"Snow Family","N/A","N/A","N/A","N/A","Review device rental duration; return Snow devices promptly after data transfer to avoid daily rental fees","20-40%","N/A","snowball:ListJobs snowball:DescribeJob"
"Support","N/A","N/A","N/A","N/A","Review support plan tier; downgrade from Business to Developer if support ticket volume is low","20-60%","N/A","N/A"
"Tag Editor","N/A","N/A","N/A","N/A","Free service - use to enforce tagging policies enabling cost allocation and resource optimization","N/A","N/A","N/A"
"Well-Architected Tool","N/A","N/A","N/A","N/A","Free service - use workload reviews to identify cost optimization opportunities","N/A","N/A","wellarchitected:ListWorkloads"
"re:Post","N/A","N/A","N/A","N/A","Community forum - no billable resources","N/A","N/A","N/A"
